id,brier,rps,auc,n,lat,lon,pietra,brier_week1,brier_week2,brier_week3,brier_week4,brier_later,auc_week1,auc_week2,auc_week3,auc_week4,auc_later,model,cv_method
Abergele (AM),0.2780919025200961,0.17587809612621394,0.9679930795847751,17,,,,,,,,,,,,,,blended_model,global
Abichugna Gne'a,0.3794482500182955,0.2917394654762567,0.9363905325443787,13,,,,,,,,,,,,,,blended_model,global
Abuna Ginde Beret,0.6686038099532144,0.43746607063771,0.8055555555555556,9,,,,,,,,,,,,,,blended_model,global
Ada'a,0.38717539649372507,0.21676454551253585,0.9375,14,,,,,,,,,,,,,,blended_model,global
Adaba,0.5111685332574041,0.4867362964067551,0.8801775147928994,13,,,,,,,,,,,,,,blended_model,global
Adama,0.4620775357590171,0.4195723415103818,0.8596938775510204,14,,,,,,,,,,,,,,blended_model,global
Adama Tulu Jido Kombolcha,0.6262341274254718,0.6190292484680251,0.8125,14,,,,,,,,,,,,,,blended_model,global
Adama town,0.4294555788758601,0.2722286683707106,0.92,15,,,,,,,,,,,,,,blended_model,global
Adda Berga,0.7375680601341947,0.7040280543571059,0.7407407407407407,9,,,,,,,,,,,,,,blended_model,global
Addi Arekay,0.6143609193973578,0.42732408201883915,0.8425,10,,,,,,,,,,,,,,blended_model,global
Adiss Zemen town,0.251657913135,0.1380747419542872,0.9970414201183432,13,,,,,,,,,,,,,,blended_model,global
Agarfa,0.42536880092870655,0.35165583492306485,0.931640625,16,,,,,,,,,,,,,,blended_model,global
Akaki,1.104030854694921,1.1529305289732072,0.6265432098765432,9,,,,,,,,,,,,,,blended_model,global
Akeseta town,0.7870226938533496,0.8681511863352702,0.8091715976331361,13,,,,,,,,,,,,,,blended_model,global
Albuko,0.6737526118870951,0.657295902553907,0.7831632653061225,14,,,,,,,,,,,,,,blended_model,global
Alefa,0.9220682270213855,0.7271067714203172,0.6574074074074074,9,,,,,,,,,,,,,,blended_model,global
Aleltu,0.20583967114689314,0.11153050406180194,0.9930555555555556,12,,,,,,,,,,,,,,blended_model,global
Aleme Ketma town,0.38996947689786804,0.30887093876921906,0.9408284023668639,13,,,,,,,,,,,,,,blended_model,global
Amanuel town,0.6879132559734581,0.4642615807431608,0.805,10,,,,,,,,,,,,,,blended_model,global
Amba Giorgis town,0.30072441484786877,0.16871979936346573,0.9970414201183432,13,,,,,,,,,,,,,,blended_model,global
Ambasel,0.442410571870486,0.3331837945925423,0.9222222222222223,15,,,,,,,,,,,,,,blended_model,global
Ambo Zuria,0.5169236020689391,0.33470785729591923,0.9444444444444444,9,,,,,,,,,,,,,,blended_model,global
Ambo town,0.5453510617181636,0.3684827454509554,0.9228395061728395,9,,,,,,,,,,,,,,blended_model,global
Ameya,0.8001712006732135,0.6959488626573305,0.6425619834710744,11,,,,,,,,,,,,,,blended_model,global
Amigna,0.3438461600587746,0.2649221938963524,0.9567901234567902,18,,,,,,,,,,,,,,blended_model,global
Andabet /West Esite,0.2836795449313051,0.17432083833975354,0.9896449704142012,13,,,,,,,,,,,,,,blended_model,global
Aneded,0.6098876487543547,0.42708936553102717,0.875,10,,,,,,,,,,,,,,blended_model,global
Angolelana Tera,0.44924980446099305,0.3803530640354274,0.8994082840236687,13,,,,,,,,,,,,,,blended_model,global
Angot,0.38112793755103463,0.2753873044051625,0.9349030470914127,19,,,,,,,,,,,,,,blended_model,global
Ankober,0.49408953648460485,0.33967588516803354,0.889030612244898,14,,,,,,,,,,,,,,blended_model,global
Antsokiya,0.7277919899415962,0.7897686273937669,0.7678571428571429,14,,,,,,,,,,,,,,blended_model,global
Arerti town,0.3959333796121527,0.2349264362519855,0.9433333333333334,15,,,,,,,,,,,,,,blended_model,global
Argoba,0.9023896370731496,1.0768494034574163,0.7780612244897959,14,,,,,,,,,,,,,,blended_model,global
Arsi Negele,1.1121268835750793,1.0539607685168864,0.5493827160493827,9,,,,,,,,,,,,,,blended_model,global
Arsi Negele town,0.8947006520239016,0.8862049607465732,0.6759259259259259,9,,,,,,,,,,,,,,blended_model,global
Aseko,0.7384426523309474,1.1252451688862073,0.7121928166351607,23,,,,,,,,,,,,,,blended_model,global
Asela town,0.5403129656236109,0.42875580052185863,0.8455555555555555,15,,,,,,,,,,,,,,blended_model,global
Assagirt,0.4628272248716704,0.3212969464984566,0.889030612244898,14,,,,,,,,,,,,,,blended_model,global
Ataye town,0.5270391697648592,0.4322915954332446,0.8966666666666666,15,,,,,,,,,,,,,,blended_model,global
Awabel,0.7186047159008127,0.5794541388360468,0.77,10,,,,,,,,,,,,,,blended_model,global
Aykel town,0.5530847167336409,0.44180588887130656,0.8734567901234568,9,,,,,,,,,,,,,,blended_model,global
Bako Tibe,0.6973345659504364,0.6242145449728335,0.75,4,,,,,,,,,,,,,,blended_model,global
Baso Liben,0.550929696951281,0.3594172045372055,0.8975,10,,,,,,,,,,,,,,blended_model,global
Basona Worena,0.5514992467325939,0.5241081332582603,0.8461538461538461,13,,,,,,,,,,,,,,blended_model,global
Batu town,0.4100433420796954,0.46600290769139036,0.9404432132963989,19,,,,,,,,,,,,,,blended_model,global
Bechena town,0.3524014589433731,0.2591399640391006,0.9630177514792899,13,,,,,,,,,,,,,,blended_model,global
Becho (SW Shewa),1.3403236886965824,1.6435039129940756,0.37244897959183676,7,,,,,,,,,,,,,,blended_model,global
Bedesa town,1.2747539021678058,1.4927211780454526,0.5740740740740741,9,,,,,,,,,,,,,,blended_model,global
Bele Gesgar,0.47756024028002264,0.3897273817127415,0.9140625,16,,,,,,,,,,,,,,blended_model,global
Bereh,1.0891385397789293,1.0525136868754048,0.6296296296296297,9,,,,,,,,,,,,,,blended_model,global
Berehet,0.463793664933106,0.3266191163149244,0.9022222222222223,15,,,,,,,,,,,,,,blended_model,global
Beyeda,0.6374645197746397,0.6996392175327133,0.8047337278106509,13,,,,,,,,,,,,,,blended_model,global
Bibugn,0.6482067678721152,0.4171827937088844,0.8553719008264463,11,,,,,,,,,,,,,,blended_model,global
Bishoftu town,1.0730988480094628,1.114925678787394,0.6296296296296297,9,,,,,,,,,,,,,,blended_model,global
Bokoji town,0.5747112175510148,0.4669598823704136,0.8402777777777778,12,,,,,,,,,,,,,,blended_model,global
Bora (OR),0.5230188353683901,0.4315882096124545,0.8367346938775511,14,,,,,,,,,,,,,,blended_model,global
Borena /Debresina,0.2899525642225068,0.20545172477869475,0.9807692307692307,13,,,,,,,,,,,,,,blended_model,global
Boset,0.4473329438514,0.296175803634986,0.9188888888888889,15,,,,,,,,,,,,,,blended_model,global
Bugna,0.6901263032854226,0.6660358049525892,0.8022959183673469,14,,,,,,,,,,,,,,blended_model,global
Burayu,0.9852661799992606,0.9709339223867206,0.6296296296296297,9,,,,,,,,,,,,,,blended_model,global
Bure (AM),0.8694503704316299,0.6827091527192821,0.645,10,,,,,,,,,,,,,,blended_model,global
Bure town,1.0222949216670107,0.956858999306159,0.5764462809917356,11,,,,,,,,,,,,,,blended_model,global
Burqua Dhintu,0.012831633401092932,0.011916811060868615,1.0,23,,,,,,,,,,,,,,blended_model,global
Chancho town,0.9850210299293942,0.9105483811709278,0.6358024691358025,9,,,,,,,,,,,,,,blended_model,global
Cheliya,0.6827781285655198,0.4506977239797358,0.8194444444444444,6,,,,,,,,,,,,,,blended_model,global
Chilga 1,0.569630922044154,0.44548127729192927,0.8580246913580247,9,,,,,,,,,,,,,,blended_model,global
Chilga 2,0.5816082140902116,0.4611116043288286,0.8549382716049383,9,,,,,,,,,,,,,,blended_model,global
Chiro Zuria,0.6887215862374412,0.6718957487536351,0.8411111111111111,15,,,,,,,,,,,,,,blended_model,global
Chiro town,1.3889032701828354,1.6781877110680934,0.5493827160493827,9,,,,,,,,,,,,,,blended_model,global
Chole,0.33032582555853396,0.19627268957002175,0.953125,16,,,,,,,,,,,,,,blended_model,global
Cobi,0.8246495550911108,0.7395357938087868,0.5833333333333334,6,,,,,,,,,,,,,,blended_model,global
Dabat,0.8177143328614264,0.6796526478889366,0.6975308641975309,9,,,,,,,,,,,,,,blended_model,global
Dabat town,0.8509139254794461,0.7585615728707539,0.6666666666666666,9,,,,,,,,,,,,,,blended_model,global
Dano,0.5754987780835111,0.2765108140885461,0.8958333333333334,6,,,,,,,,,,,,,,blended_model,global
Dawo,1.2921753257765711,1.5907529500912747,0.3826530612244898,7,,,,,,,,,,,,,,blended_model,global
Dawunt,0.5309492631854603,0.42022911645712335,0.8711734693877551,14,,,,,,,,,,,,,,blended_model,global
Debark,0.8332011759514634,0.7045154195198231,0.6975308641975309,9,,,,,,,,,,,,,,blended_model,global
Debark town,0.6779000966837798,0.6210732182070338,0.7561728395061729,9,,,,,,,,,,,,,,blended_model,global
Debay Telatgen,0.253868913100924,0.15229896145020946,0.9985207100591716,13,,,,,,,,,,,,,,blended_model,global
Debre Berhan town,0.5154356484811505,0.47090422256588316,0.863905325443787,13,,,,,,,,,,,,,,blended_model,global
Debre Elias,0.6979697460002479,0.46066325974723954,0.785,10,,,,,,,,,,,,,,blended_model,global
Debre Libanos,0.31395894904221083,0.23412239955216238,0.9689349112426036,13,,,,,,,,,,,,,,blended_model,global
Debre Markos town,0.570756184363231,0.39701325753807465,0.9,10,,,,,,,,,,,,,,blended_model,global
Debre Sina town,0.6217326471755862,0.6241877284704708,0.8180473372781065,13,,,,,,,,,,,,,,blended_model,global
Debre Tabor town,0.20018456680894492,0.10269701137609985,0.9985207100591716,13,,,,,,,,,,,,,,blended_model,global
Debrework town,0.35001203394023606,0.25343873825462293,0.9600591715976331,13,,,,,,,,,,,,,,blended_model,global
Dega Damot,0.6833593870856876,0.4941618108396941,0.7777777777777778,9,,,,,,,,,,,,,,blended_model,global
Degeluna Tijo,0.970023044273623,1.0126354818323953,0.6419753086419753,9,,,,,,,,,,,,,,blended_model,global
Degem,1.1073568705329142,1.0690854619308874,0.6327160493827161,9,,,,,,,,,,,,,,blended_model,global
Degolo town,0.7235714639901177,0.7528078707428896,0.8180473372781065,13,,,,,,,,,,,,,,blended_model,global
Dehana,0.7431336225455408,0.7832287379008259,0.7793367346938775,14,,,,,,,,,,,,,,blended_model,global
Dejen,0.2632888965689596,0.15396812112861757,0.9955621301775148,13,,,,,,,,,,,,,,blended_model,global
Dejen town,0.30065097515837597,0.1934599578672234,0.9911242603550295,13,,,,,,,,,,,,,,blended_model,global
Delanta,0.37840357789088597,0.2606713998354545,0.9404432132963989,19,,,,,,,,,,,,,,blended_model,global
Dembecha,0.7094167182564435,0.47802723224147325,0.7975,10,,,,,,,,,,,,,,blended_model,global
Denbecha town,0.6879132559734581,0.4642615807431608,0.805,10,,,,,,,,,,,,,,blended_model,global
Dendi,0.6804192902765771,0.39242082491867125,0.7925,10,,,,,,,,,,,,,,blended_model,global
Dera (AM),0.37181633253238694,0.2626103617616283,0.9585798816568047,13,,,,,,,,,,,,,,blended_model,global
Dera (OR),0.30196585535389836,0.2122749329014581,0.9674556213017751,13,,,,,,,,,,,,,,blended_model,global
Dera town,0.5731470994227441,0.636612600101821,0.8380102040816326,14,,,,,,,,,,,,,,blended_model,global
Dessie Zuria,0.6391302195334652,0.6060946044173062,0.7946428571428571,14,,,,,,,,,,,,,,blended_model,global
Dessie town,0.4637109884011027,0.3471844939791848,0.8966666666666666,15,,,,,,,,,,,,,,blended_model,global
Diksis,0.45630836086603976,0.310455336206349,0.9088888888888889,15,,,,,,,,,,,,,,blended_model,global
Dinsho,0.3683121850993657,0.3061024736868774,0.9314404432132964,19,,,,,,,,,,,,,,blended_model,global
Doba,0.8309156764727376,0.8868530259786486,0.8366666666666667,15,,,,,,,,,,,,,,blended_model,global
Dodola,0.8770883280639529,0.8527606747056183,0.6419753086419753,9,,,,,,,,,,,,,,blended_model,global
Dodola town,0.49832797297268844,0.5357631717182465,0.860803324099723,19,,,,,,,,,,,,,,blended_model,global
Dodota,0.40398805626912193,0.3226819684983524,0.9091796875,16,,,,,,,,,,,,,,blended_model,global
Dugda,0.38732602064019767,0.3707765104427776,0.9203601108033241,19,,,,,,,,,,,,,,blended_model,global
East Belesa,0.6298972814677246,0.6777967903288089,0.8076923076923077,13,,,,,,,,,,,,,,blended_model,global
East Dembia,0.7972818354207217,0.645602961758798,0.7098765432098766,9,,,,,,,,,,,,,,blended_model,global
East Esite,0.19354821425248342,0.09555932592064423,0.9985207100591716,13,,,,,,,,,,,,,,blended_model,global
Ebenat,0.45866078201388216,0.41563025702129647,0.8905325443786982,13,,,,,,,,,,,,,,blended_model,global
Ebenat town,0.26923367888249283,0.17602837793238424,0.985207100591716,13,,,,,,,,,,,,,,blended_model,global
Eferatana Gidem,0.816254580845777,0.9168139805193164,0.7653061224489796,14,,,,,,,,,,,,,,blended_model,global
Ejere /Addis Alem,0.6756042370440577,0.5076193846381744,0.7825,10,,,,,,,,,,,,,,blended_model,global
Ejersa Lafo,0.7251827092255269,0.4731632094919159,0.765,10,,,,,,,,,,,,,,blended_model,global
Eka Tafo,1.1280430870764195,1.1154492116816028,0.6265432098765432,9,,,,,,,,,,,,,,blended_model,global
Enarj Enawga,0.29382541260237977,0.1889259890675209,0.992603550295858,13,,,,,,,,,,,,,,blended_model,global
Enebse Sarmder,0.3501286240907508,0.25520701072775387,0.9644970414201184,13,,,,,,,,,,,,,,blended_model,global
Enemay,0.3029378566654915,0.2019220729582827,0.9866863905325444,13,,,,,,,,,,,,,,blended_model,global
Enewari town,0.43119957510785895,0.3665615010834519,0.9127218934911243,13,,,,,,,,,,,,,,blended_model,global
Ensaro,0.3658412298929931,0.2907649670319028,0.9526627218934911,13,,,,,,,,,,,,,,blended_model,global
Farta,0.2146775153156361,0.11517062618480017,0.9985207100591716,13,,,,,,,,,,,,,,blended_model,global
Fentale,0.505313611925389,0.3802487108847767,0.8633333333333333,15,,,,,,,,,,,,,,blended_model,global
Fiche town,0.2933016859372216,0.21343328231142272,0.985207100591716,13,,,,,,,,,,,,,,blended_model,global
Filakit town,0.515051836062794,0.4538953376414047,0.8912742382271468,19,,,,,,,,,,,,,,blended_model,global
Finote Selam town,0.8138826569570978,0.5896265330279323,0.7175,10,,,,,,,,,,,,,,blended_model,global
Fogera,0.2910548202737934,0.17599848933641069,0.985207100591716,13,,,,,,,,,,,,,,blended_model,global
Furi,0.9920615290151902,0.9771304432059669,0.6296296296296297,9,,,,,,,,,,,,,,blended_model,global
Galan,1.0710447662113483,1.1038846024376356,0.6296296296296297,9,,,,,,,,,,,,,,blended_model,global
Galan Gudo,0.9872564159907241,0.984199559635322,0.6327160493827161,9,,,,,,,,,,,,,,blended_model,global
Garba Guracha,0.19691274534432957,0.10058797885526667,0.9955621301775148,13,,,,,,,,,,,,,,blended_model,global
Gasera,0.5699737159444487,0.5643777416644352,0.8955078125,16,,,,,,,,,,,,,,blended_model,global
Gashena town,0.6122185864489782,0.6463257977854726,0.844671201814059,21,,,,,,,,,,,,,,blended_model,global
Gaz Gibla,0.40654043829464737,0.29608209588575163,0.9349030470914127,19,,,,,,,,,,,,,,blended_model,global
Gazo,0.35053856246468973,0.2509226701363273,0.9467592592592593,18,,,,,,,,,,,,,,blended_model,global
Gedeb Asasa,0.5366332049530361,0.5482276183935357,0.8727810650887574,13,,,,,,,,,,,,,,blended_model,global
Gefersa Guje,0.8170121317524102,0.7508656279066614,0.7191358024691358,9,,,,,,,,,,,,,,blended_model,global
Gerar Jarso,0.2758402905988123,0.1951368866519259,0.9896449704142012,13,,,,,,,,,,,,,,blended_model,global
Gidan,0.3133380317142294,0.19496542386553636,0.9570637119113573,19,,,,,,,,,,,,,,blended_model,global
Gimbichu,0.30555352791818574,0.21165988258366047,0.9808673469387755,14,,,,,,,,,,,,,,blended_model,global
Gimeba town,0.6688155739004715,0.6352584151631675,0.7946428571428571,14,,,,,,,,,,,,,,blended_model,global
Ginde Beret,0.8495819452340712,0.7337985069556511,0.5277777777777778,6,,,,,,,,,,,,,,blended_model,global
Ginir,0.006853043498908502,0.007494420873576225,1.0,23,,,,,,,,,,,,,,blended_model,global
Gishe Rabel,0.6996222079662521,0.7148200521261112,0.7857142857142857,14,,,,,,,,,,,,,,blended_model,global
Goba (OR),0.2837417392727508,0.46984311048243066,0.998109640831758,23,,,,,,,,,,,,,,blended_model,global
Goba Koricha,0.5165913415672101,0.40291285509831726,0.8666666666666667,15,,,,,,,,,,,,,,blended_model,global
Goba town,0.34687788299863337,0.35319896942611323,0.9349173553719008,22,,,,,,,,,,,,,,blended_model,global
Golocha,0.3490952190595061,0.22487526272391917,0.9580078125,16,,,,,,,,,,,,,,blended_model,global
Gololcha Bale,0.03276263669958802,0.037410721215463835,1.0,23,,,,,,,,,,,,,,blended_model,global
Goncha Siso Enebse,0.2609849965425492,0.15653463220014843,0.992603550295858,13,,,,,,,,,,,,,,blended_model,global
Gondar town,0.7879821983595158,0.6394656734245829,0.7006172839506173,9,,,,,,,,,,,,,,blended_model,global
Gonder Zuria,0.7808326513390791,0.6527319497303963,0.7006172839506173,9,,,,,,,,,,,,,,blended_model,global
Goro (Bale),0.03074852539557671,0.036325905457113006,1.0,23,,,,,,,,,,,,,,blended_model,global
Goro (SW Shewa),0.7022336123670442,0.5401164437705358,0.7430555555555556,12,,,,,,,,,,,,,,blended_model,global
Guba Lafto,0.4061132639698333,0.2838855157068046,0.9240362811791383,21,,,,,,,,,,,,,,blended_model,global
Gumbi Bordede,0.5315153634953397,0.42516140974537653,0.8611111111111112,15,,,,,,,,,,,,,,blended_model,global
Guna,0.37170761844421146,0.24467285267654335,0.9306640625,16,,,,,,,,,,,,,,blended_model,global
Guna Begemider,0.37244602663652127,0.29365991661487956,0.9585798816568047,13,,,,,,,,,,,,,,blended_model,global
Gundwoin town,0.23747416184161255,0.13490149691880182,0.9955621301775148,13,,,,,,,,,,,,,,blended_model,global
Guzamn,0.5937801127962226,0.4304646739948594,0.8625,10,,,,,,,,,,,,,,blended_model,global
Habro,0.4555816592052654,0.31287343041101523,0.91,15,,,,,,,,,,,,,,blended_model,global
Habru,0.6337514120283517,0.6361245415138465,0.8392857142857143,14,,,,,,,,,,,,,,blended_model,global
Hagere Mariam,0.372885727788231,0.2980472668166059,0.9375,12,,,,,,,,,,,,,,blended_model,global
Hamusit town,0.3493336122535854,0.2410265567290164,0.9718934911242604,13,,,,,,,,,,,,,,blended_model,global
Hara town,0.3310029578104455,0.20990149242526332,0.9546485260770975,21,,,,,,,,,,,,,,blended_model,global
Harbu town,0.5886671872006634,0.4485086606155332,0.8533333333333334,15,,,,,,,,,,,,,,blended_model,global
Hawi Gudina,0.06885038189149084,0.083867929598994,1.0,23,,,,,,,,,,,,,,blended_model,global
Heban Arsi,0.9812515650502548,1.0168117402836367,0.6604938271604939,9,,,,,,,,,,,,,,blended_model,global
Hidabu Abote,1.110485912816867,1.120327903847659,0.6234567901234568,9,,,,,,,,,,,,,,blended_model,global
Hike town,0.5303226444819489,0.42229744951209097,0.8766666666666667,15,,,,,,,,,,,,,,blended_model,global
Hitosa,0.5244067172830079,0.4107845704154477,0.8622222222222222,15,,,,,,,,,,,,,,blended_model,global
Holeta town,0.30536812663968027,0.17703450667427012,0.977810650887574,13,,,,,,,,,,,,,,blended_model,global
Hulet Ej Enese,0.3516476408542855,0.25579461316158303,0.9985207100591716,13,,,,,,,,,,,,,,blended_model,global
Ifata,0.6429670939359549,0.32771720636282065,0.8475,10,,,,,,,,,,,,,,blended_model,global
Illu Galan,0.6321501574740299,0.33558480705217253,0.9097222222222222,6,,,,,,,,,,,,,,blended_model,global
Ilu,0.31303816497116727,0.17564742123786137,0.984375,12,,,,,,,,,,,,,,blended_model,global
Inkolo Wabe,0.3936645191984163,0.26051574423096646,0.94921875,16,,,,,,,,,,,,,,blended_model,global
Jabi Tehnan,0.7628900725921202,0.5420284503224917,0.75,10,,,,,,,,,,,,,,blended_model,global
Jama,0.6458597145407873,0.6402488078130756,0.8402366863905325,13,,,,,,,,,,,,,,blended_model,global
Janamora,0.3990072586844261,0.31642914123420496,0.9452662721893491,13,,,,,,,,,,,,,,blended_model,global
Jeju,0.36719322606524685,0.2388271417488681,0.9287109375,16,,,,,,,,,,,,,,blended_model,global
Jeldu,0.5570232475108443,0.4310454304887735,0.8518518518518519,9,,,,,,,,,,,,,,blended_model,global
Jibat,0.6071490461027879,0.3350754470685116,0.9305555555555556,6,,,,,,,,,,,,,,blended_model,global
Jida,0.2434572120459858,0.1544864886127069,0.992603550295858,13,,,,,,,,,,,,,,blended_model,global
Jiga town,0.56005262440929,0.3967630780952871,0.8487654320987654,9,,,,,,,,,,,,,,blended_model,global
Kalu,0.5675307280958087,0.44934883593590874,0.8511111111111112,15,,,,,,,,,,,,,,blended_model,global
Kelala town,0.6838634868304022,0.6849607088731181,0.8313609467455622,13,,,,,,,,,,,,,,blended_model,global
Kelela,0.6312950034181909,0.6049354655378864,0.8505917159763313,13,,,,,,,,,,,,,,blended_model,global
Kersana Malima,0.289602420853577,0.18199761851781326,0.9896449704142012,13,,,,,,,,,,,,,,blended_model,global
Kewet,0.6682361106428929,0.7166496273838387,0.8032544378698225,13,,,,,,,,,,,,,,blended_model,global
Kimbibit,0.2908884905042659,0.20261902894632397,0.9704861111111112,12,,,,,,,,,,,,,,blended_model,global
Kinfaz Begela,0.5256917454875427,0.48581284643531003,0.841715976331361,13,,,,,,,,,,,,,,blended_model,global
Kobo town,0.2623532651464993,0.1711005856815749,0.9736842105263158,19,,,,,,,,,,,,,,blended_model,global
Kofele,0.9804339998062126,1.0309553343020212,0.6234567901234568,9,,,,,,,,,,,,,,blended_model,global
Kofele town,0.3848494792154801,0.6265074130745895,0.9844045368620038,23,,,,,,,,,,,,,,blended_model,global
Kokosa,0.8730917582049572,0.8385409538904633,0.6574074074074074,9,,,,,,,,,,,,,,blended_model,global
Kolla Debba town,0.7219947052747947,0.576660773060254,0.7345679012345679,9,,,,,,,,,,,,,,blended_model,global
Kombolcha town,0.4984822881241821,0.366666541923468,0.8822222222222222,15,,,,,,,,,,,,,,blended_model,global
Kore,0.8599286764479611,0.8684384050165688,0.6728395061728395,9,,,,,,,,,,,,,,blended_model,global
Koye,1.0813078956230617,1.0921148834761774,0.6172839506172839,9,,,,,,,,,,,,,,blended_model,global
Kura Jida,1.140483180510296,1.1331747284931613,0.6265432098765432,9,,,,,,,,,,,,,,blended_model,global
Kutaber,0.5618164340834995,0.45381062408501194,0.87,15,,,,,,,,,,,,,,blended_model,global
Kuyu,0.7356386690890658,0.564044546509405,0.775,10,,,,,,,,,,,,,,blended_model,global
Lalibela town,0.42612248755600374,0.334713719995764,0.9238227146814404,19,,,,,,,,,,,,,,blended_model,global
Lasta,0.42567656872217935,0.3389973482241942,0.9224376731301939,19,,,,,,,,,,,,,,blended_model,global
Lay Armacho,0.8482707571399004,0.6378217656119841,0.6635802469135802,9,,,,,,,,,,,,,,blended_model,global
Lay Gayint,0.4504642428760304,0.377425209919451,0.8964497041420119,13,,,,,,,,,,,,,,blended_model,global
Legambo,0.6757742618907192,0.6829925330940688,0.8284023668639053,13,,,,,,,,,,,,,,blended_model,global
Legehida,0.7679190136133711,0.8292796454516554,0.8136094674556213,13,,,,,,,,,,,,,,blended_model,global
Liban Jawi,0.7105577644335384,0.5034183797137133,0.8010204081632653,7,,,,,,,,,,,,,,blended_model,global
Liben Chukala,0.40132126481398706,0.23813080010433185,0.9349489795918368,14,,,,,,,,,,,,,,blended_model,global
Libokemekem,0.23869545933753133,0.12758923136615608,0.9985207100591716,13,,,,,,,,,,,,,,blended_model,global
Limu Bilbilo,0.5092507969146229,0.49091030916313527,0.8940972222222222,12,,,,,,,,,,,,,,blended_model,global
Lome (OR),0.45464173514244927,0.31107419588873464,0.9043367346938775,14,,,,,,,,,,,,,,blended_model,global
Lude Hitosa,0.4936758043774229,0.36046188135565477,0.8866666666666667,15,,,,,,,,,,,,,,blended_model,global
Lumame town,0.6327578803636578,0.4455667289528976,0.835,10,,,,,,,,,,,,,,blended_model,global
Mana Abichu,0.9988674358643037,0.996063768812292,0.6296296296296297,9,,,,,,,,,,,,,,blended_model,global
Masero Denb /Central Armacho,0.9125449479099343,0.7231803572831671,0.654320987654321,9,,,,,,,,,,,,,,blended_model,global
Mehal Meda town,0.5563077058317982,0.5226750018504911,0.8387573964497042,13,,,,,,,,,,,,,,blended_model,global
Mehal Sayint,0.39499549937070605,0.3129378713263564,0.9423076923076923,13,,,,,,,,,,,,,,blended_model,global
Mekan Eyesuse,0.20610902772396217,0.10728834062897638,0.9970414201183432,13,,,,,,,,,,,,,,blended_model,global
Mekane Selam town,0.23860082425542753,0.14857491002363218,0.9881656804733728,13,,,,,,,,,,,,,,blended_model,global
Mekdela,0.5328959193650483,0.438019381336576,0.8711734693877551,14,,,,,,,,,,,,,,blended_model,global
Meket,0.5962453120230774,0.5007225956119118,0.8290816326530612,14,,,,,,,,,,,,,,blended_model,global
Melka Nonno,0.9375965062094096,0.9147910469067041,0.6358024691358025,9,,,,,,,,,,,,,,blended_model,global
Mena Meketewa,0.5239351830605533,0.4872774113245781,0.8380102040816326,14,,,,,,,,,,,,,,blended_model,global
Menze Gera Midir,0.6145883707514147,0.6052867668757049,0.8239644970414202,13,,,,,,,,,,,,,,blended_model,global
Menze Keya Gabriel,0.4533155309433074,0.3893740519517531,0.9097633136094675,13,,,,,,,,,,,,,,blended_model,global
Menze Lalo Midir,0.477750720931129,0.41915729486966286,0.8846153846153846,13,,,,,,,,,,,,,,blended_model,global
Menze Mama Midir,0.5608935893338135,0.5289616561303061,0.8372781065088757,13,,,,,,,,,,,,,,blended_model,global
Merhabete,0.38286725690246143,0.29914117030588755,0.9437869822485208,13,,,,,,,,,,,,,,blended_model,global
Mersa town,0.3310029578104455,0.20990149242526332,0.9546485260770975,21,,,,,,,,,,,,,,blended_model,global
Merti,0.45795294392326547,0.31038802685158495,0.9033333333333333,15,,,,,,,,,,,,,,blended_model,global
Merto Lemariyam town,0.3136576292844998,0.20844999859047508,0.9822485207100592,13,,,,,,,,,,,,,,blended_model,global
Mesela /Shen Duggoo,0.6002345709348995,0.6179597382746462,0.8720703125,16,,,,,,,,,,,,,,blended_model,global
Meta Robi,0.7049297544254806,0.5129451148479485,0.7575,10,,,,,,,,,,,,,,blended_model,global
Meta Walkite,0.6901743176282623,0.6189698099901166,0.7654320987654321,9,,,,,,,,,,,,,,blended_model,global
Metehara town,0.5557695670555404,0.45375889570000333,0.8522222222222222,15,,,,,,,,,,,,,,blended_model,global
Michakel,0.6742267188022109,0.43554970232125967,0.7975,10,,,,,,,,,,,,,,blended_model,global
Mida Kegn,0.7785911707505191,0.6386656005288045,0.6388888888888888,6,,,,,,,,,,,,,,blended_model,global
Mida Woremo,1.5962020576472342,1.6663767278692614,0.5401234567901234,9,,,,,,,,,,,,,,blended_model,global
Mieso,0.6791678287668427,0.6460913662478608,0.8488888888888889,15,,,,,,,,,,,,,,blended_model,global
Minjar Shenkora,0.4031680886095101,0.23721577044321301,0.9388888888888889,15,,,,,,,,,,,,,,blended_model,global
Mojan Wedera,0.5472859327190573,0.5188581083981679,0.841715976331361,13,,,,,,,,,,,,,,blended_model,global
Mojo town,0.38710252122020333,0.278302742627701,0.9387755102040817,14,,,,,,,,,,,,,,blended_model,global
Molale town,0.6377542372752409,0.6557782960355192,0.8136094674556213,13,,,,,,,,,,,,,,blended_model,global
Moretna Jiru,0.38635268743193135,0.3109771013871843,0.9349112426035503,13,,,,,,,,,,,,,,blended_model,global
Mota town,0.4154027621904784,0.33299023182611837,0.985207100591716,13,,,,,,,,,,,,,,blended_model,global
Mulo,0.8460045562012353,0.7505841143372861,0.6975308641975309,9,,,,,,,,,,,,,,blended_model,global
Munessa,0.8621709643841184,0.8313788550891557,0.6759259259259259,9,,,,,,,,,,,,,,blended_model,global
Nefas Mewicha town,0.5098877318699467,0.3864931762088181,0.8660714285714286,14,,,,,,,,,,,,,,blended_model,global
Nenesebo,0.6660793770867673,1.1800553566875782,0.8166351606805293,23,,,,,,,,,,,,,,blended_model,global
Nono,0.8088268643988585,0.7153867646145848,0.6425619834710744,11,,,,,,,,,,,,,,blended_model,global
Quarit,0.5921601861731168,0.3956694688923934,0.8858024691358025,9,,,,,,,,,,,,,,blended_model,global
Raya Kobo,0.2894190186453978,0.18015622920380445,0.9591836734693877,21,,,,,,,,,,,,,,blended_model,global
Robe,0.4315385438151842,0.35447362614337535,0.9287109375,16,,,,,,,,,,,,,,blended_model,global
Robe town,0.31617360577271475,0.3025773534536694,0.9524793388429752,22,,,,,,,,,,,,,,blended_model,global
Sahila,0.2557870260089298,0.12068772186589072,0.9755859375,16,,,,,,,,,,,,,,blended_model,global
Sayint,0.4532998692716571,0.3805203778493966,0.9068047337278107,13,,,,,,,,,,,,,,blended_model,global
Sebeta,0.9002372607333842,0.8579438266646371,0.6666666666666666,9,,,,,,,,,,,,,,blended_model,global
Sebeta Hawas,0.985212657783022,0.9558460094769617,0.6327160493827161,9,,,,,,,,,,,,,,blended_model,global
Sedae,0.2892902636530201,0.18749489460070615,0.9866863905325444,13,,,,,,,,,,,,,,blended_model,global
Sede Muja,0.4759168631849318,0.4093691839270376,0.8831360946745562,13,,,,,,,,,,,,,,blended_model,global
Seden Sodo,1.3206963577977537,1.6299882469399225,0.37244897959183676,7,,,,,,,,,,,,,,blended_model,global
Sekela,0.5095537652752958,0.36707761708815034,0.8672839506172839,9,,,,,,,,,,,,,,blended_model,global
Sekota,0.27495379653872015,0.19909559680785188,0.9666666666666667,15,,,,,,,,,,,,,,blended_model,global
Sekota town,0.29029442171894065,0.2122041882974474,0.9644444444444444,15,,,,,,,,,,,,,,blended_model,global
Semada,0.3459285445897555,0.24725834778068365,0.9674556213017751,13,,,,,,,,,,,,,,blended_model,global
Senan,0.6223247229878065,0.4336198990187763,0.8611111111111112,9,,,,,,,,,,,,,,blended_model,global
Sendafa town,0.17159810070604525,0.08530541178285157,0.9955621301775148,13,,,,,,,,,,,,,,blended_model,global
Shala,1.1984257599627535,1.1889994151891874,0.5030864197530864,9,,,,,,,,,,,,,,blended_model,global
Shanan Kolu,0.3436018045591928,0.22133104660426706,0.9658203125,16,,,,,,,,,,,,,,blended_model,global
Shashemene,1.0322223982560088,1.1076037705461728,0.5987654320987654,9,,,,,,,,,,,,,,blended_model,global
Shashemene town,0.9927871943243163,1.0528209690541597,0.6080246913580247,9,,,,,,,,,,,,,,blended_model,global
Shawra town,1.1085158819176024,0.9598559541897865,0.558641975308642,9,,,,,,,,,,,,,,blended_model,global
Shebel Bernta,0.3019371366215731,0.20434444903862808,0.985207100591716,13,,,,,,,,,,,,,,blended_model,global
Shendi town,1.0222949216670107,0.956858999306159,0.5764462809917356,11,,,,,,,,,,,,,,blended_model,global
Sheno town,0.2957303736018894,0.20516412362857497,0.96875,12,,,,,,,,,,,,,,blended_model,global
Shirka,0.4082417706946522,0.32296617051555154,0.9365234375,16,,,,,,,,,,,,,,blended_model,global
Shoa Robit,0.693469010504738,0.7832168539715241,0.8032544378698225,13,,,,,,,,,,,,,,blended_model,global
Sinana,0.3369418637303024,0.3559545988390493,0.9493801652892562,22,,,,,,,,,,,,,,blended_model,global
Siraro,0.2812961626295257,0.4359782193826642,0.9995274102079396,23,,,,,,,,,,,,,,blended_model,global
Sire,0.3743439984230427,0.25276036306854,0.9228515625,16,,,,,,,,,,,,,,blended_model,global
Siya Debirna Wayu,0.5583289360868375,0.48048863361023947,0.8864795918367347,14,,,,,,,,,,,,,,blended_model,global
Sodo Daci,0.39648469253888463,0.22949070494355128,0.9362244897959183,14,,,,,,,,,,,,,,blended_model,global
Sude,0.5216502741239339,0.40572189700639993,0.8833333333333333,15,,,,,,,,,,,,,,blended_model,global
Sululta,0.9691630571819189,0.8952048731615689,0.6419753086419753,9,,,,,,,,,,,,,,blended_model,global
Sululta (OR),1.0552426868475158,1.024368446040124,0.6327160493827161,9,,,,,,,,,,,,,,blended_model,global
Tach Armacho,1.0103231066727605,0.8733064325441711,0.5679012345679012,9,,,,,,,,,,,,,,blended_model,global
Tach Gayint,0.5714559218393352,0.41177999677218924,0.8494897959183674,14,,,,,,,,,,,,,,blended_model,global
Takusa,0.9877569968140363,0.816156618551616,0.595679012345679,9,,,,,,,,,,,,,,blended_model,global
Tarema Ber,0.6547686672092231,0.6856168489583996,0.8091715976331361,13,,,,,,,,,,,,,,blended_model,global
Tegede,0.8956602098453127,0.7181030063880078,0.6388888888888888,9,,,,,,,,,,,,,,blended_model,global
Telemt,0.43803430539394833,0.38227721525689123,0.908284023668639,13,,,,,,,,,,,,,,blended_model,global
Tena,0.3198671387978792,0.21109518111323292,0.9658203125,16,,,,,,,,,,,,,,blended_model,global
Tenta,0.5424332711311375,0.4045105451077966,0.8822222222222222,15,,,,,,,,,,,,,,blended_model,global
Thehulederie,0.5528899405453424,0.4479451540137994,0.8622222222222222,15,,,,,,,,,,,,,,blended_model,global
Tikur Enchini,0.6885958592033676,0.47219697366943475,0.8316326530612245,7,,,,,,,,,,,,,,blended_model,global
Tiyo,1.057590780426548,1.1534050294539135,0.5895061728395061,9,,,,,,,,,,,,,,blended_model,global
Toke Kutaye,0.5450390739722326,0.3008507212350687,0.8888888888888888,9,,,,,,,,,,,,,,blended_model,global
Tole,1.4244996196875026,1.7779265088222382,0.3673469387755102,7,,,,,,,,,,,,,,blended_model,global
Tsagbeji,0.3609724615398761,0.31952854727798113,0.94125,20,,,,,,,,,,,,,,blended_model,global
Tulefa town,0.2957303736018894,0.20516412362857497,0.96875,12,,,,,,,,,,,,,,blended_model,global
Wadla,0.4434125324407155,0.3497853593300721,0.9182825484764543,19,,,,,,,,,,,,,,blended_model,global
Waliso,0.9976739202401879,1.0589219826808176,0.4387755102040816,7,,,,,,,,,,,,,,blended_model,global
Wara Jarso,1.082672780466195,0.8881793581111799,0.5895061728395061,9,,,,,,,,,,,,,,blended_model,global
Wegde,0.39202778102122465,0.3203263013324237,0.9363905325443787,13,,,,,,,,,,,,,,blended_model,global
Wegeda town,0.24782457132352187,0.15283317633492655,0.9881656804733728,13,,,,,,,,,,,,,,blended_model,global
Wegedi town,0.6230141724900558,0.6022606908223755,0.8579881656804734,13,,,,,,,,,,,,,,blended_model,global
Wegel tena town,0.2839936483000852,0.14876878502754073,0.9645328719723183,17,,,,,,,,,,,,,,blended_model,global
Wegera,0.3105339684188636,0.17579893203072525,0.9970414201183432,13,,,,,,,,,,,,,,blended_model,global
Welmera,0.7994397168594941,0.7062209893655664,0.7253086419753086,9,,,,,,,,,,,,,,blended_model,global
Wemberma,0.8779320390384562,0.7348616015501748,0.6301652892561983,11,,,,,,,,,,,,,,blended_model,global
Wenchi,0.7877605248905777,0.6916756361975346,0.6020408163265306,7,,,,,,,,,,,,,,blended_model,global
Were Ilu,0.650522004421105,0.6458600374100125,0.7997448979591837,14,,,,,,,,,,,,,,blended_model,global
Wereilu town,0.666789147627106,0.6533266785132675,0.7997448979591837,14,,,,,,,,,,,,,,blended_model,global
West Belesa,0.3263076775655516,0.2089839706803171,0.9837278106508875,13,,,,,,,,,,,,,,blended_model,global
West Dembiya,0.5929338723659523,0.4821778286802199,0.8055555555555556,9,,,,,,,,,,,,,,blended_model,global
Woldiya town,0.4190977881079,0.30011508718591057,0.921201814058957,21,,,,,,,,,,,,,,blended_model,global
Woliso town,0.9172782537670432,0.9004736855855608,0.47959183673469385,7,,,,,,,,,,,,,,blended_model,global
Wondo,0.38297735749135975,0.6223856654664813,0.9844045368620038,23,,,,,,,,,,,,,,blended_model,global
Worebabu,0.3653831676851801,0.2369740591335371,0.9427437641723356,21,,,,,,,,,,,,,,blended_model,global
Woreta town,0.2964500790046346,0.17958405257030663,0.985207100591716,13,,,,,,,,,,,,,,blended_model,global
Wuchale,0.30211329889830785,0.2072644643778602,0.9615384615384616,13,,,,,,,,,,,,,,blended_model,global
Yaya Gulele,0.21403281530561372,0.11848505987866528,0.9955621301775148,13,,,,,,,,,,,,,,blended_model,global
Zequala,0.36293016334846107,0.32156658044435094,0.9322222222222222,15,,,,,,,,,,,,,,blended_model,global
Ziway Dugda,0.4345373850578678,0.4484442550957029,0.925207756232687,19,,,,,,,,,,,,,,blended_model,global
ALL,0.5280214502449765,0.46258847759181787,0.862610045108538,4246,,,0.5262600094206312,0.08006520725926114,0.09695258971872571,0.11366304264895019,0.10196354652562206,0.13537706409241745,0.9289655321634896,0.834116890186569,0.7449841755779393,0.6758940860215054,0.9064796598337247,blended_model,global
Abergele (AM),0.31129343206575144,0.22807669411536122,0.9602076124567474,17,,,,,,,,,,,,,,unc_clim_raw,raw
Abichugna Gne'a,0.5071740228027017,0.35038383919446947,0.8668639053254438,13,,,,,,,,,,,,,,unc_clim_raw,raw
Abuna Ginde Beret,0.7053036034983653,0.4228352235658664,0.6882716049382716,9,,,,,,,,,,,,,,unc_clim_raw,raw
Ada'a,0.43115102056435595,0.2709882553159772,0.9311224489795918,14,,,,,,,,,,,,,,unc_clim_raw,raw
Adaba,0.5034283359493581,0.3800115216288463,0.8269230769230769,13,,,,,,,,,,,,,,unc_clim_raw,raw
Adama,0.42777779257266185,0.2707442079632169,0.9030612244897959,14,,,,,,,,,,,,,,unc_clim_raw,raw
Adama Tulu Jido Kombolcha,0.5466463145051387,0.49396935673876047,0.8086734693877551,14,,,,,,,,,,,,,,unc_clim_raw,raw
Adama town,0.4414947007875148,0.22955194567632936,0.9322222222222222,15,,,,,,,,,,,,,,unc_clim_raw,raw
Adda Berga,0.573651859706898,0.34258290322005164,0.8333333333333334,9,,,,,,,,,,,,,,unc_clim_raw,raw
Addi Arekay,0.5009885188710153,0.2987411321094484,0.9325,10,,,,,,,,,,,,,,unc_clim_raw,raw
Adiss Zemen town,0.42171807374952497,0.3577739220682712,0.9526627218934911,13,,,,,,,,,,,,,,unc_clim_raw,raw
Agarfa,0.4152797500578581,0.42705190297994183,0.890625,16,,,,,,,,,,,,,,unc_clim_raw,raw
Akaki,0.9160948057557948,0.7014295310326687,0.5679012345679012,9,,,,,,,,,,,,,,unc_clim_raw,raw
Akeseta town,0.8065821120726289,0.9320870372971537,0.8032544378698225,13,,,,,,,,,,,,,,unc_clim_raw,raw
Albuko,0.6451975595811648,0.5763763654666352,0.8073979591836735,14,,,,,,,,,,,,,,unc_clim_raw,raw
Alefa,0.892606475943951,0.5417936109736028,0.5987654320987654,9,,,,,,,,,,,,,,unc_clim_raw,raw
Aleltu,0.320775828440731,0.14715703333540822,0.9878472222222222,12,,,,,,,,,,,,,,unc_clim_raw,raw
Aleme Ketma town,0.47466272938706555,0.37419796520560855,0.8727810650887574,13,,,,,,,,,,,,,,unc_clim_raw,raw
Amanuel town,0.7899662992270452,0.9746675878265595,0.605,10,,,,,,,,,,,,,,unc_clim_raw,raw
Amba Giorgis town,0.5306269662484374,0.6173221505370423,0.9068047337278107,13,,,,,,,,,,,,,,unc_clim_raw,raw
Ambasel,0.40496111742553287,0.24014295061110458,0.9255555555555556,15,,,,,,,,,,,,,,unc_clim_raw,raw
Ambo Zuria,0.62493858801033,0.4394749314900334,0.7870370370370371,9,,,,,,,,,,,,,,unc_clim_raw,raw
Ambo town,0.6395036279540595,0.43198661461895915,0.7839506172839507,9,,,,,,,,,,,,,,unc_clim_raw,raw
Ameya,0.7475124154484363,1.0090045987751568,0.6818181818181818,11,,,,,,,,,,,,,,unc_clim_raw,raw
Amigna,0.4146023683040507,0.48392442106832395,0.8989197530864198,18,,,,,,,,,,,,,,unc_clim_raw,raw
Andabet /West Esite,0.48547493422584675,0.48444901852569594,0.9304733727810651,13,,,,,,,,,,,,,,unc_clim_raw,raw
Aneded,0.6214421503530527,0.44794189845113663,0.755,10,,,,,,,,,,,,,,unc_clim_raw,raw
Angolelana Tera,0.498654670440864,0.359925931941108,0.8653846153846154,13,,,,,,,,,,,,,,unc_clim_raw,raw
Angot,0.3670271257781005,0.37452165438134405,0.9286703601108033,19,,,,,,,,,,,,,,unc_clim_raw,raw
Ankober,0.5162682995290939,0.3324602088493167,0.8737244897959183,14,,,,,,,,,,,,,,unc_clim_raw,raw
Antsokiya,0.7171907559166077,0.7537625351871748,0.7793367346938775,14,,,,,,,,,,,,,,unc_clim_raw,raw
Arerti town,0.4556715802276656,0.2665610589640212,0.9022222222222223,15,,,,,,,,,,,,,,unc_clim_raw,raw
Argoba,0.9081755451999891,1.090957154381444,0.7755102040816326,14,,,,,,,,,,,,,,unc_clim_raw,raw
Arsi Negele,0.8253616825054704,0.5728523399555733,0.6018518518518519,9,,,,,,,,,,,,,,unc_clim_raw,raw
Arsi Negele town,0.6997655880136322,0.5083577218586655,0.7067901234567902,9,,,,,,,,,,,,,,unc_clim_raw,raw
Aseko,0.7452601481321396,1.760375237060225,0.499054820415879,23,,,,,,,,,,,,,,unc_clim_raw,raw
Asela town,0.6502093074470966,0.9288634183490874,0.7666666666666667,15,,,,,,,,,,,,,,unc_clim_raw,raw
Assagirt,0.45064413626206695,0.296965814933793,0.8928571428571429,14,,,,,,,,,,,,,,unc_clim_raw,raw
Ataye town,0.5564893790928348,0.47090608889558505,0.8822222222222222,15,,,,,,,,,,,,,,unc_clim_raw,raw
Awabel,0.6213136346879738,0.3915937940480517,0.7725,10,,,,,,,,,,,,,,unc_clim_raw,raw
Aykel town,0.5457557701043818,0.3503601866992053,0.8796296296296297,9,,,,,,,,,,,,,,unc_clim_raw,raw
Bako Tibe,0.6124898306705939,0.40054115661424483,0.953125,4,,,,,,,,,,,,,,unc_clim_raw,raw
Baso Liben,0.6051023647621486,0.5160632040629118,0.795,10,,,,,,,,,,,,,,unc_clim_raw,raw
Basona Worena,0.5871629219051974,0.5420410647445801,0.8328402366863905,13,,,,,,,,,,,,,,unc_clim_raw,raw
Batu town,0.3582306179716349,0.4707050955875888,0.953601108033241,19,,,,,,,,,,,,,,unc_clim_raw,raw
Bechena town,0.4842172801503096,0.489610365955965,0.9186390532544378,13,,,,,,,,,,,,,,unc_clim_raw,raw
Becho (SW Shewa),0.9259699027851287,0.6910624449842319,0.5816326530612245,7,,,,,,,,,,,,,,unc_clim_raw,raw
Bedesa town,0.9497920350182625,0.7792565932124202,0.6018518518518519,9,,,,,,,,,,,,,,unc_clim_raw,raw
Bele Gesgar,0.48577567777341485,0.46655558281404597,0.8515625,16,,,,,,,,,,,,,,unc_clim_raw,raw
Bereh,0.8999340035352341,0.6576634971283453,0.6697530864197531,9,,,,,,,,,,,,,,unc_clim_raw,raw
Berehet,0.49291261063195546,0.298360309134526,0.8577777777777778,15,,,,,,,,,,,,,,unc_clim_raw,raw
Beyeda,0.537875006815224,0.40651259575766746,0.8224852071005917,13,,,,,,,,,,,,,,unc_clim_raw,raw
Bibugn,0.6876501574936964,0.8987223440890609,0.71900826446281,11,,,,,,,,,,,,,,unc_clim_raw,raw
Bishoftu town,0.8813370551281706,0.6809636537041902,0.691358024691358,9,,,,,,,,,,,,,,unc_clim_raw,raw
Bokoji town,0.5759561747563074,0.6789029910644052,0.8003472222222222,12,,,,,,,,,,,,,,unc_clim_raw,raw
Bora (OR),0.44421737920201954,0.2537434976195034,0.8928571428571429,14,,,,,,,,,,,,,,unc_clim_raw,raw
Borena /Debresina,0.504432703989926,0.3630908454613205,0.8594674556213018,13,,,,,,,,,,,,,,unc_clim_raw,raw
Boset,0.47474812715892584,0.2608254643553504,0.8977777777777778,15,,,,,,,,,,,,,,unc_clim_raw,raw
Bugna,0.6636985892397129,0.6678135477185909,0.798469387755102,14,,,,,,,,,,,,,,unc_clim_raw,raw
Burayu,0.7712399609476002,0.4682238900319404,0.6975308641975309,9,,,,,,,,,,,,,,unc_clim_raw,raw
Bure (AM),0.9374530000809438,1.293780522151777,0.5475,10,,,,,,,,,,,,,,unc_clim_raw,raw
Bure town,0.9933721269683548,1.5473785961831104,0.5278925619834711,11,,,,,,,,,,,,,,unc_clim_raw,raw
Burqua Dhintu,0.11670538362826419,0.28061143655119547,0.9995274102079396,23,,,,,,,,,,,,,,unc_clim_raw,raw
Chancho town,0.7740147336255004,0.4891641695470585,0.7253086419753086,9,,,,,,,,,,,,,,unc_clim_raw,raw
Cheliya,0.7964282223021751,0.40620723452039614,0.6388888888888888,6,,,,,,,,,,,,,,unc_clim_raw,raw
Chilga 1,0.5664278846906546,0.41987082079090804,0.8765432098765432,9,,,,,,,,,,,,,,unc_clim_raw,raw
Chilga 2,0.5731834983838643,0.41839752665945606,0.8395061728395061,9,,,,,,,,,,,,,,unc_clim_raw,raw
Chiro Zuria,0.5582131285203443,0.4016089169628956,0.7866666666666666,15,,,,,,,,,,,,,,unc_clim_raw,raw
Chiro town,0.9505126978427223,0.7800297394256313,0.6018518518518519,9,,,,,,,,,,,,,,unc_clim_raw,raw
Chole,0.3744372031993348,0.4068740508843489,0.9541015625,16,,,,,,,,,,,,,,unc_clim_raw,raw
Cobi,0.7596515330346462,0.40551115409042815,0.8472222222222222,6,,,,,,,,,,,,,,unc_clim_raw,raw
Dabat,0.6856307286040787,0.37751344201341364,0.7716049382716049,9,,,,,,,,,,,,,,unc_clim_raw,raw
Dabat town,0.692098946946117,0.391249585407593,0.7438271604938271,9,,,,,,,,,,,,,,unc_clim_raw,raw
Dano,0.7016054690442762,0.3556261644459564,0.7847222222222222,6,,,,,,,,,,,,,,unc_clim_raw,raw
Dawo,0.8793907301205308,0.5579288735640476,0.7448979591836735,7,,,,,,,,,,,,,,unc_clim_raw,raw
Dawunt,0.5140492481085194,0.4204614917806892,0.860969387755102,14,,,,,,,,,,,,,,unc_clim_raw,raw
Debark,0.6306846404806166,0.34441752760196515,0.8179012345679012,9,,,,,,,,,,,,,,unc_clim_raw,raw
Debark town,0.5555459731449813,0.36418040420623443,0.8364197530864198,9,,,,,,,,,,,,,,unc_clim_raw,raw
Debay Telatgen,0.5535226763962554,0.6969057596340131,0.9112426035502958,13,,,,,,,,,,,,,,unc_clim_raw,raw
Debre Berhan town,0.5789242845753562,0.5172030228546669,0.8357988165680473,13,,,,,,,,,,,,,,unc_clim_raw,raw
Debre Elias,0.7955425203377711,0.954462639367865,0.62,10,,,,,,,,,,,,,,unc_clim_raw,raw
Debre Libanos,0.41014701680662935,0.2506563312997516,0.9186390532544378,13,,,,,,,,,,,,,,unc_clim_raw,raw
Debre Markos town,0.6126673472066163,0.49759441412552635,0.79,10,,,,,,,,,,,,,,unc_clim_raw,raw
Debre Sina town,0.6093259953505815,0.5671608371354837,0.8239644970414202,13,,,,,,,,,,,,,,unc_clim_raw,raw
Debre Tabor town,0.5947179708644289,0.7541057091123652,0.8313609467455622,13,,,,,,,,,,,,,,unc_clim_raw,raw
Debrework town,0.4372634508780266,0.29942509955869845,0.9215976331360947,13,,,,,,,,,,,,,,unc_clim_raw,raw
Dega Damot,0.7386782998275796,0.6956989502782306,0.6790123456790124,9,,,,,,,,,,,,,,unc_clim_raw,raw
Degeluna Tijo,0.7558629952407364,0.4955036291395262,0.6234567901234568,9,,,,,,,,,,,,,,unc_clim_raw,raw
Degem,0.9477538037505686,0.7644237048238094,0.6450617283950617,9,,,,,,,,,,,,,,unc_clim_raw,raw
Degolo town,0.7632464978651635,0.8665361206799744,0.8032544378698225,13,,,,,,,,,,,,,,unc_clim_raw,raw
Dehana,0.716595504008878,0.7804626583493325,0.7831632653061225,14,,,,,,,,,,,,,,unc_clim_raw,raw
Dejen,0.5423132926423706,0.6508429920351595,0.9112426035502958,13,,,,,,,,,,,,,,unc_clim_raw,raw
Dejen town,0.5347849883505778,0.5966394490065655,0.8772189349112426,13,,,,,,,,,,,,,,unc_clim_raw,raw
Delanta,0.34622365494172713,0.2778821415022445,0.9452908587257618,19,,,,,,,,,,,,,,unc_clim_raw,raw
Dembecha,0.7960890640149498,0.9539570224323054,0.6325,10,,,,,,,,,,,,,,unc_clim_raw,raw
Denbecha town,0.7899662992270452,0.9746675878265595,0.605,10,,,,,,,,,,,,,,unc_clim_raw,raw
Dendi,0.6669504353487452,0.5093720415864021,0.68,10,,,,,,,,,,,,,,unc_clim_raw,raw
Dera (AM),0.5368989349359203,0.6197914001923638,0.8979289940828402,13,,,,,,,,,,,,,,unc_clim_raw,raw
Dera (OR),0.4347974192758594,0.2461801330990464,0.8949704142011834,13,,,,,,,,,,,,,,unc_clim_raw,raw
Dera town,0.43936720973369614,0.2677629418961756,0.8928571428571429,14,,,,,,,,,,,,,,unc_clim_raw,raw
Dessie Zuria,0.5785881660720593,0.4818168224457474,0.826530612244898,14,,,,,,,,,,,,,,unc_clim_raw,raw
Dessie town,0.44071200255461485,0.22525248822386942,0.9066666666666666,15,,,,,,,,,,,,,,unc_clim_raw,raw
Diksis,0.5596549207553901,0.6583980792717712,0.8655555555555555,15,,,,,,,,,,,,,,unc_clim_raw,raw
Dinsho,0.5440421624913259,1.0121256052163579,0.889196675900277,19,,,,,,,,,,,,,,unc_clim_raw,raw
Doba,0.6065170092655409,0.4188640122201065,0.79,15,,,,,,,,,,,,,,unc_clim_raw,raw
Dodola,0.6884370642886827,0.5274454743988489,0.6728395061728395,9,,,,,,,,,,,,,,unc_clim_raw,raw
Dodola town,0.5885579836695891,1.0931138684039214,0.7257617728531855,19,,,,,,,,,,,,,,unc_clim_raw,raw
Dodota,0.37128071136799745,0.36877443560525996,0.9296875,16,,,,,,,,,,,,,,unc_clim_raw,raw
Dugda,0.4378035374420172,0.556747578669742,0.8857340720221607,19,,,,,,,,,,,,,,unc_clim_raw,raw
East Belesa,0.49398293386878406,0.3405079066545492,0.849112426035503,13,,,,,,,,,,,,,,unc_clim_raw,raw
East Dembia,0.7254461847734667,0.4174221412654491,0.7592592592592593,9,,,,,,,,,,,,,,unc_clim_raw,raw
East Esite,0.47996950448991477,0.4790976282382483,0.9319526627218935,13,,,,,,,,,,,,,,unc_clim_raw,raw
Ebenat,0.4133114745811851,0.22737469626638804,0.9275147928994083,13,,,,,,,,,,,,,,unc_clim_raw,raw
Ebenat town,0.38413145084716915,0.25314678017898307,0.9704142011834319,13,,,,,,,,,,,,,,unc_clim_raw,raw
Eferatana Gidem,0.8109254343622746,0.9430901061811819,0.7653061224489796,14,,,,,,,,,,,,,,unc_clim_raw,raw
Ejere /Addis Alem,0.5661552565438817,0.3289598919314494,0.86,10,,,,,,,,,,,,,,unc_clim_raw,raw
Ejersa Lafo,0.631723496297082,0.35763724621137694,0.8225,10,,,,,,,,,,,,,,unc_clim_raw,raw
Eka Tafo,0.9644017069486311,0.7530478713577357,0.6574074074074074,9,,,,,,,,,,,,,,unc_clim_raw,raw
Enarj Enawga,0.5188447946653265,0.5689787947922043,0.9171597633136095,13,,,,,,,,,,,,,,unc_clim_raw,raw
Enebse Sarmder,0.44514147402159576,0.2866609064180262,0.9112426035502958,13,,,,,,,,,,,,,,unc_clim_raw,raw
Enemay,0.5029344422127034,0.5501200772911137,0.9245562130177515,13,,,,,,,,,,,,,,unc_clim_raw,raw
Enewari town,0.49427162179048845,0.365810049415882,0.8609467455621301,13,,,,,,,,,,,,,,unc_clim_raw,raw
Ensaro,0.4575122592219111,0.31423650992666546,0.886094674556213,13,,,,,,,,,,,,,,unc_clim_raw,raw
Farta,0.5982949822211393,0.7589441404095051,0.8210059171597633,13,,,,,,,,,,,,,,unc_clim_raw,raw
Fentale,0.5053375228244305,0.290503915824281,0.8633333333333333,15,,,,,,,,,,,,,,unc_clim_raw,raw
Fiche town,0.39624704134944355,0.22005710528785624,0.9334319526627219,13,,,,,,,,,,,,,,unc_clim_raw,raw
Filakit town,0.4346901328426376,0.4016635316063002,0.9106648199445984,19,,,,,,,,,,,,,,unc_clim_raw,raw
Finote Selam town,0.8908299322689082,1.2630645889887473,0.5725,10,,,,,,,,,,,,,,unc_clim_raw,raw
Fogera,0.4511602046801582,0.4211061363700007,0.9423076923076923,13,,,,,,,,,,,,,,unc_clim_raw,raw
Furi,0.763291317409875,0.4547083899356443,0.5648148148148148,9,,,,,,,,,,,,,,unc_clim_raw,raw
Galan,0.8619141006170776,0.6020411161241406,0.5370370370370371,9,,,,,,,,,,,,,,unc_clim_raw,raw
Galan Gudo,0.76971672335917,0.4612935900790023,0.6296296296296297,9,,,,,,,,,,,,,,unc_clim_raw,raw
Garba Guracha,0.4451290013663454,0.4124785943281477,0.9526627218934911,13,,,,,,,,,,,,,,unc_clim_raw,raw
Gasera,0.5127196838139785,0.48493223087890586,0.81640625,16,,,,,,,,,,,,,,unc_clim_raw,raw
Gashena town,0.5349435380236874,0.7616359371140737,0.768140589569161,21,,,,,,,,,,,,,,unc_clim_raw,raw
Gaz Gibla,0.3199413205779199,0.2562761089667347,0.9529085872576177,19,,,,,,,,,,,,,,unc_clim_raw,raw
Gazo,0.30891818815738975,0.29306278996083795,0.9683641975308642,18,,,,,,,,,,,,,,unc_clim_raw,raw
Gedeb Asasa,0.5275050925956931,0.5405034036712593,0.8905325443786982,13,,,,,,,,,,,,,,unc_clim_raw,raw
Gefersa Guje,0.6715773277445015,0.3767924181099703,0.8179012345679012,9,,,,,,,,,,,,,,unc_clim_raw,raw
Gerar Jarso,0.38524731169492027,0.2044645660915444,0.9452662721893491,13,,,,,,,,,,,,,,unc_clim_raw,raw
Gidan,0.30584217690956994,0.24642793262771112,0.961218836565097,19,,,,,,,,,,,,,,unc_clim_raw,raw
Gimbichu,0.36722892356732195,0.19037359198025092,0.9528061224489796,14,,,,,,,,,,,,,,unc_clim_raw,raw
Gimeba town,0.6469733719795163,0.6034134113983415,0.8061224489795918,14,,,,,,,,,,,,,,unc_clim_raw,raw
Ginde Beret,0.8302505923382281,0.46500548671497643,0.5625,6,,,,,,,,,,,,,,unc_clim_raw,raw
Ginir,0.08846506237027145,0.24549156888308896,1.0,23,,,,,,,,,,,,,,unc_clim_raw,raw
Gishe Rabel,0.7004607886069889,0.6959868750527053,0.7908163265306123,14,,,,,,,,,,,,,,unc_clim_raw,raw
Goba (OR),0.8217135627727671,2.4753635515314665,0.5051984877126654,23,,,,,,,,,,,,,,unc_clim_raw,raw
Goba Koricha,0.5416926640118233,0.3553365550839875,0.8122222222222222,15,,,,,,,,,,,,,,unc_clim_raw,raw
Goba town,0.47530680336903985,0.912950908550142,0.8879132231404959,22,,,,,,,,,,,,,,unc_clim_raw,raw
Golocha,0.440065921853407,0.6307329577801133,0.9296875,16,,,,,,,,,,,,,,unc_clim_raw,raw
Gololcha Bale,0.04719469511275675,0.09020624473305883,1.0,23,,,,,,,,,,,,,,unc_clim_raw,raw
Goncha Siso Enebse,0.42826289464311,0.33532243643666215,0.9423076923076923,13,,,,,,,,,,,,,,unc_clim_raw,raw
Gondar town,0.6580291970542057,0.35883993407420545,0.7407407407407407,9,,,,,,,,,,,,,,unc_clim_raw,raw
Gonder Zuria,0.6465427674259001,0.3580764117042564,0.8179012345679012,9,,,,,,,,,,,,,,unc_clim_raw,raw
Goro (Bale),0.1767576784529094,0.48785848128033693,0.9985822306238186,23,,,,,,,,,,,,,,unc_clim_raw,raw
Goro (SW Shewa),0.6318955836586336,0.7114154812845417,0.7899305555555556,12,,,,,,,,,,,,,,unc_clim_raw,raw
Guba Lafto,0.43796876878177826,0.46305248507952923,0.8973922902494331,21,,,,,,,,,,,,,,unc_clim_raw,raw
Gumbi Bordede,0.543402150517338,0.3385800195597339,0.84,15,,,,,,,,,,,,,,unc_clim_raw,raw
Guna,0.4612666551551024,0.6726104181618885,0.904296875,16,,,,,,,,,,,,,,unc_clim_raw,raw
Guna Begemider,0.43742674219823663,0.31627355115653794,0.9423076923076923,13,,,,,,,,,,,,,,unc_clim_raw,raw
Gundwoin town,0.4867041290733729,0.5145718438776549,0.9363905325443787,13,,,,,,,,,,,,,,unc_clim_raw,raw
Guzamn,0.7121460017510677,0.8232299968227224,0.6975,10,,,,,,,,,,,,,,unc_clim_raw,raw
Habro,0.5352873142791541,0.5067149646031145,0.8555555555555555,15,,,,,,,,,,,,,,unc_clim_raw,raw
Habru,0.5173464894556703,0.4009738892306454,0.8660714285714286,14,,,,,,,,,,,,,,unc_clim_raw,raw
Hagere Mariam,0.4117470141514721,0.2310531740123967,0.9166666666666666,12,,,,,,,,,,,,,,unc_clim_raw,raw
Hamusit town,0.5132358320961127,0.5744077931045127,0.915680473372781,13,,,,,,,,,,,,,,unc_clim_raw,raw
Hara town,0.4132662078236884,0.4373727544976582,0.9047619047619048,21,,,,,,,,,,,,,,unc_clim_raw,raw
Harbu town,0.61630342449329,0.4390555152359716,0.8555555555555555,15,,,,,,,,,,,,,,unc_clim_raw,raw
Hawi Gudina,0.5478080134022577,1.5758400166318753,0.7419659735349716,23,,,,,,,,,,,,,,unc_clim_raw,raw
Heban Arsi,0.7784045718650812,0.5444677753589251,0.6080246913580247,9,,,,,,,,,,,,,,unc_clim_raw,raw
Hidabu Abote,0.9058748628686177,0.6957171032529894,0.6759259259259259,9,,,,,,,,,,,,,,unc_clim_raw,raw
Hike town,0.44017074392668853,0.21459479584771632,0.91,15,,,,,,,,,,,,,,unc_clim_raw,raw
Hitosa,0.5165077328860356,0.4887001330908082,0.8922222222222222,15,,,,,,,,,,,,,,unc_clim_raw,raw
Holeta town,0.5771254741795229,0.6927635213147946,0.8136094674556213,13,,,,,,,,,,,,,,unc_clim_raw,raw
Hulet Ej Enese,0.6326949110199127,0.8958443464550244,0.7869822485207101,13,,,,,,,,,,,,,,unc_clim_raw,raw
Ifata,0.6586947505200318,0.6058232022472179,0.74,10,,,,,,,,,,,,,,unc_clim_raw,raw
Illu Galan,0.7576351395799721,0.37362110380445906,0.7152777777777778,6,,,,,,,,,,,,,,unc_clim_raw,raw
Ilu,0.5656322869887838,0.6584455742448291,0.8315972222222222,12,,,,,,,,,,,,,,unc_clim_raw,raw
Inkolo Wabe,0.6594912194818469,1.1305659285229495,0.671875,16,,,,,,,,,,,,,,unc_clim_raw,raw
Jabi Tehnan,0.8758593096538343,1.1971427680084776,0.5875,10,,,,,,,,,,,,,,unc_clim_raw,raw
Jama,0.6931101466332685,0.7277267981527559,0.8121301775147929,13,,,,,,,,,,,,,,unc_clim_raw,raw
Janamora,0.47143017608697657,0.31987189880770056,0.8550295857988166,13,,,,,,,,,,,,,,unc_clim_raw,raw
Jeju,0.3831905526504813,0.4137947442187677,0.953125,16,,,,,,,,,,,,,,unc_clim_raw,raw
Jeldu,0.5469722276651949,0.3946280634877177,0.9074074074074074,9,,,,,,,,,,,,,,unc_clim_raw,raw
Jibat,0.7733535812265827,0.38339020974348337,0.6875,6,,,,,,,,,,,,,,unc_clim_raw,raw
Jida,0.3757435327488773,0.20704236362777742,0.9423076923076923,13,,,,,,,,,,,,,,unc_clim_raw,raw
Jiga town,0.7693871496791613,0.9187382843956856,0.6697530864197531,9,,,,,,,,,,,,,,unc_clim_raw,raw
Kalu,0.5490586341995944,0.3457568900892243,0.8688888888888889,15,,,,,,,,,,,,,,unc_clim_raw,raw
Kelala town,0.7381417922296537,0.7807010470183211,0.8032544378698225,13,,,,,,,,,,,,,,unc_clim_raw,raw
Kelela,0.7126303136901828,0.7391443077843642,0.8047337278106509,13,,,,,,,,,,,,,,unc_clim_raw,raw
Kersana Malima,0.522432960432378,0.582340304205966,0.9171597633136095,13,,,,,,,,,,,,,,unc_clim_raw,raw
Kewet,0.6493185764348611,0.6498598347021438,0.8136094674556213,13,,,,,,,,,,,,,,unc_clim_raw,raw
Kimbibit,0.4013647624428401,0.24096938878793184,0.921875,12,,,,,,,,,,,,,,unc_clim_raw,raw
Kinfaz Begela,0.46888037902661817,0.3181522593043138,0.8550295857988166,13,,,,,,,,,,,,,,unc_clim_raw,raw
Kobo town,0.29780003698516766,0.1618752493789908,0.9681440443213296,19,,,,,,,,,,,,,,unc_clim_raw,raw
Kofele,0.709352314813085,0.5598545460315452,0.6728395061728395,9,,,,,,,,,,,,,,unc_clim_raw,raw
Kofele town,0.9389520618726671,2.800807043445614,0.34262759924385633,23,,,,,,,,,,,,,,unc_clim_raw,raw
Kokosa,0.6961000479720476,0.5961530513913901,0.6790123456790124,9,,,,,,,,,,,,,,unc_clim_raw,raw
Kolla Debba town,0.6454404703031009,0.3800545630386555,0.8240740740740741,9,,,,,,,,,,,,,,unc_clim_raw,raw
Kombolcha town,0.5158012064216847,0.3019496453938016,0.8666666666666667,15,,,,,,,,,,,,,,unc_clim_raw,raw
Kore,0.6601854016364623,0.5082263632808517,0.7654320987654321,9,,,,,,,,,,,,,,unc_clim_raw,raw
Koye,0.8516032905012241,0.5677416802288465,0.6820987654320988,9,,,,,,,,,,,,,,unc_clim_raw,raw
Kura Jida,0.968520233958022,0.7601217827256801,0.6450617283950617,9,,,,,,,,,,,,,,unc_clim_raw,raw
Kutaber,0.4820027051331903,0.3044871690759586,0.8933333333333333,15,,,,,,,,,,,,,,unc_clim_raw,raw
Kuyu,0.6022964424954381,0.3879297508881171,0.8225,10,,,,,,,,,,,,,,unc_clim_raw,raw
Lalibela town,0.3269370933757052,0.3084716297756049,0.9556786703601108,19,,,,,,,,,,,,,,unc_clim_raw,raw
Lasta,0.37516080802206425,0.3994714293380502,0.9286703601108033,19,,,,,,,,,,,,,,unc_clim_raw,raw
Lay Armacho,0.7234184081672486,0.37058692888331984,0.7530864197530864,9,,,,,,,,,,,,,,unc_clim_raw,raw
Lay Gayint,0.4414566020273411,0.26204192072700083,0.878698224852071,13,,,,,,,,,,,,,,unc_clim_raw,raw
Legambo,0.7260392533981066,0.7943332244820117,0.8032544378698225,13,,,,,,,,,,,,,,unc_clim_raw,raw
Legehida,0.7956011708760236,0.907291246047984,0.8032544378698225,13,,,,,,,,,,,,,,unc_clim_raw,raw
Liban Jawi,0.7416937299281499,0.38260882484987946,0.7448979591836735,7,,,,,,,,,,,,,,unc_clim_raw,raw
Liben Chukala,0.39000215760036694,0.20118831555905858,0.9413265306122449,14,,,,,,,,,,,,,,unc_clim_raw,raw
Libokemekem,0.40776825153198043,0.3261844960009936,0.9644970414201184,13,,,,,,,,,,,,,,unc_clim_raw,raw
Limu Bilbilo,0.5424460499303302,0.5456163812580014,0.8506944444444444,12,,,,,,,,,,,,,,unc_clim_raw,raw
Lome (OR),0.467200726913088,0.262396050948157,0.8954081632653061,14,,,,,,,,,,,,,,unc_clim_raw,raw
Lude Hitosa,0.6158676626102084,0.8607300950569667,0.8122222222222222,15,,,,,,,,,,,,,,unc_clim_raw,raw
Lumame town,0.6222029445455003,0.4173335629099035,0.7775,10,,,,,,,,,,,,,,unc_clim_raw,raw
Mana Abichu,0.7720204338563613,0.4659821305571097,0.6327160493827161,9,,,,,,,,,,,,,,unc_clim_raw,raw
Masero Denb /Central Armacho,0.7929411501286086,0.4456455389406643,0.7129629629629629,9,,,,,,,,,,,,,,unc_clim_raw,raw
Mehal Meda town,0.5523556501404951,0.4930300727732568,0.841715976331361,13,,,,,,,,,,,,,,unc_clim_raw,raw
Mehal Sayint,0.5506559933618809,0.45478224445049814,0.841715976331361,13,,,,,,,,,,,,,,unc_clim_raw,raw
Mekan Eyesuse,0.5265398685200877,0.5859813558796423,0.8979289940828402,13,,,,,,,,,,,,,,unc_clim_raw,raw
Mekane Selam town,0.5149330909315216,0.3868510836280531,0.8535502958579881,13,,,,,,,,,,,,,,unc_clim_raw,raw
Mekdela,0.5054105647837532,0.395438544450801,0.8622448979591837,14,,,,,,,,,,,,,,unc_clim_raw,raw
Meket,0.5818246984566308,0.43624104413023984,0.8201530612244898,14,,,,,,,,,,,,,,unc_clim_raw,raw
Melka Nonno,0.7326690204383794,0.4222520763772246,0.5987654320987654,9,,,,,,,,,,,,,,unc_clim_raw,raw
Mena Meketewa,0.43334174785666196,0.26807274481823834,0.9196428571428571,14,,,,,,,,,,,,,,unc_clim_raw,raw
Menze Gera Midir,0.6512705362878738,0.6408226096755553,0.8150887573964497,13,,,,,,,,,,,,,,unc_clim_raw,raw
Menze Keya Gabriel,0.550578977435313,0.46055628398829046,0.8402366863905325,13,,,,,,,,,,,,,,unc_clim_raw,raw
Menze Lalo Midir,0.5236685222108373,0.4287552254555585,0.849112426035503,13,,,,,,,,,,,,,,unc_clim_raw,raw
Menze Mama Midir,0.5615631108494805,0.49883583926203734,0.8402366863905325,13,,,,,,,,,,,,,,unc_clim_raw,raw
Merhabete,0.46898516596621626,0.36208191591413375,0.8816568047337278,13,,,,,,,,,,,,,,unc_clim_raw,raw
Mersa town,0.4132662078236884,0.4373727544976582,0.9047619047619048,21,,,,,,,,,,,,,,unc_clim_raw,raw
Merti,0.47683339942998004,0.28936047011684507,0.9011111111111111,15,,,,,,,,,,,,,,unc_clim_raw,raw
Merto Lemariyam town,0.4221334384695509,0.3072284439026593,0.9452662721893491,13,,,,,,,,,,,,,,unc_clim_raw,raw
Mesela /Shen Duggoo,0.47064995198557463,0.46532032752553376,0.8828125,16,,,,,,,,,,,,,,unc_clim_raw,raw
Meta Robi,0.6119442755308675,0.49975067333606393,0.78,10,,,,,,,,,,,,,,unc_clim_raw,raw
Meta Walkite,0.576655811490791,0.4165959188792611,0.8148148148148148,9,,,,,,,,,,,,,,unc_clim_raw,raw
Metehara town,0.5734330710398737,0.3741358760129537,0.8388888888888889,15,,,,,,,,,,,,,,unc_clim_raw,raw
Michakel,0.7759402971095951,0.879693003514914,0.61,10,,,,,,,,,,,,,,unc_clim_raw,raw
Mida Kegn,0.7847834387187622,0.3951180688139529,0.6805555555555556,6,,,,,,,,,,,,,,unc_clim_raw,raw
Mida Woremo,1.5878589865746635,1.69789186892599,0.5555555555555556,9,,,,,,,,,,,,,,unc_clim_raw,raw
Mieso,0.6397747050323785,0.4764969226920163,0.8066666666666666,15,,,,,,,,,,,,,,unc_clim_raw,raw
Minjar Shenkora,0.44271253279415695,0.23349487373529643,0.9111111111111111,15,,,,,,,,,,,,,,unc_clim_raw,raw
Mojan Wedera,0.5690374406142023,0.49070407534407445,0.8387573964497042,13,,,,,,,,,,,,,,unc_clim_raw,raw
Mojo town,0.38087825343299053,0.21633450128267695,0.9413265306122449,14,,,,,,,,,,,,,,unc_clim_raw,raw
Molale town,0.6248497185288973,0.6034145403555705,0.8224852071005917,13,,,,,,,,,,,,,,unc_clim_raw,raw
Moretna Jiru,0.46065247772373275,0.3129675457221283,0.886094674556213,13,,,,,,,,,,,,,,unc_clim_raw,raw
Mota town,0.5797669054400015,0.7413842515946905,0.8387573964497042,13,,,,,,,,,,,,,,unc_clim_raw,raw
Mulo,0.649617015107331,0.38352329089278914,0.7932098765432098,9,,,,,,,,,,,,,,unc_clim_raw,raw
Munessa,0.7018718109432504,0.6002863600436025,0.6604938271604939,9,,,,,,,,,,,,,,unc_clim_raw,raw
Nefas Mewicha town,0.46136208852231364,0.25554348134221977,0.8839285714285714,14,,,,,,,,,,,,,,unc_clim_raw,raw
Nenesebo,1.0991897563260857,3.312333134778118,0.18620037807183365,23,,,,,,,,,,,,,,unc_clim_raw,raw
Nono,0.7371367540320144,0.9824207751298673,0.6983471074380165,11,,,,,,,,,,,,,,unc_clim_raw,raw
Quarit,0.6844093594382994,0.6214435040838365,0.7129629629629629,9,,,,,,,,,,,,,,unc_clim_raw,raw
Raya Kobo,0.29226214259872013,0.2355518950148165,0.9574829931972789,21,,,,,,,,,,,,,,unc_clim_raw,raw
Robe,0.48421508517854706,0.6697725473820402,0.9013671875,16,,,,,,,,,,,,,,unc_clim_raw,raw
Robe town,0.44394062983247334,0.8085216439399225,0.9137396694214877,22,,,,,,,,,,,,,,unc_clim_raw,raw
Sahila,0.3458831441367038,0.1996335787714171,0.951171875,16,,,,,,,,,,,,,,unc_clim_raw,raw
Sayint,0.570584453860011,0.48736642968481875,0.834319526627219,13,,,,,,,,,,,,,,unc_clim_raw,raw
Sebeta,0.7365969153939229,0.4263899625735015,0.5895061728395061,9,,,,,,,,,,,,,,unc_clim_raw,raw
Sebeta Hawas,0.8045654977341159,0.49606180094456903,0.6265432098765432,9,,,,,,,,,,,,,,unc_clim_raw,raw
Sedae,0.42039870193319395,0.3010367832225183,0.9452662721893491,13,,,,,,,,,,,,,,unc_clim_raw,raw
Sede Muja,0.46568916008073824,0.29754086684044345,0.8624260355029586,13,,,,,,,,,,,,,,unc_clim_raw,raw
Seden Sodo,0.9166663608398761,0.6548771857578368,0.6530612244897959,7,,,,,,,,,,,,,,unc_clim_raw,raw
Sekela,0.7719539653588906,0.9480325603040772,0.6820987654320988,9,,,,,,,,,,,,,,unc_clim_raw,raw
Sekota,0.3765390995467647,0.28345881412749707,0.9222222222222223,15,,,,,,,,,,,,,,unc_clim_raw,raw
Sekota town,0.3883320365959231,0.32812860817866746,0.9133333333333333,15,,,,,,,,,,,,,,unc_clim_raw,raw
Semada,0.41225598365379146,0.25364306888207744,0.9349112426035503,13,,,,,,,,,,,,,,unc_clim_raw,raw
Senan,0.6870562529800589,0.5664462469608709,0.6851851851851852,9,,,,,,,,,,,,,,unc_clim_raw,raw
Sendafa town,0.28487843730567736,0.12565288969718322,0.9955621301775148,13,,,,,,,,,,,,,,unc_clim_raw,raw
Shala,0.8296275066559903,0.6858140461389338,0.5524691358024691,9,,,,,,,,,,,,,,unc_clim_raw,raw
Shanan Kolu,0.5290061814166225,0.9355457560803022,0.904296875,16,,,,,,,,,,,,,,unc_clim_raw,raw
Shashemene,0.7548884800296334,0.5794201707612279,0.6388888888888888,9,,,,,,,,,,,,,,unc_clim_raw,raw
Shashemene town,0.7215988015843551,0.595779746030068,0.6882716049382716,9,,,,,,,,,,,,,,unc_clim_raw,raw
Shawra town,1.0670861998145345,0.796200870916018,0.5,9,,,,,,,,,,,,,,unc_clim_raw,raw
Shebel Bernta,0.5224904260370402,0.5997351843742422,0.9142011834319527,13,,,,,,,,,,,,,,unc_clim_raw,raw
Shendi town,0.9933721269683548,1.5473785961831104,0.5278925619834711,11,,,,,,,,,,,,,,unc_clim_raw,raw
Sheno town,0.38974030089535655,0.20418606091418615,0.9288194444444444,12,,,,,,,,,,,,,,unc_clim_raw,raw
Shirka,0.5057038865968972,0.7768518605272542,0.90625,16,,,,,,,,,,,,,,unc_clim_raw,raw
Shoa Robit,0.6682890110939463,0.700904149268086,0.8121301775147929,13,,,,,,,,,,,,,,unc_clim_raw,raw
Sinana,0.3633263923066368,0.525435702822432,0.9276859504132231,22,,,,,,,,,,,,,,unc_clim_raw,raw
Siraro,1.0005669259586667,3.0692923084606742,0.30434782608695654,23,,,,,,,,,,,,,,unc_clim_raw,raw
Sire,0.3805774655134293,0.40822937714763863,0.9365234375,16,,,,,,,,,,,,,,unc_clim_raw,raw
Siya Debirna Wayu,0.6583216353266731,0.5541107374255122,0.8252551020408163,14,,,,,,,,,,,,,,unc_clim_raw,raw
Sodo Daci,0.4475128817465758,0.28860110152473156,0.923469387755102,14,,,,,,,,,,,,,,unc_clim_raw,raw
Sude,0.5357679886222638,0.38634657584844895,0.8066666666666666,15,,,,,,,,,,,,,,unc_clim_raw,raw
Sululta,0.7579411854814992,0.4699844501661608,0.75,9,,,,,,,,,,,,,,unc_clim_raw,raw
Sululta (OR),0.8726721344673503,0.6516576961386151,0.6728395061728395,9,,,,,,,,,,,,,,unc_clim_raw,raw
Tach Armacho,0.8387268186254349,0.4753942413173171,0.6018518518518519,9,,,,,,,,,,,,,,unc_clim_raw,raw
Tach Gayint,0.5468227486000231,0.3612368598990297,0.8558673469387755,14,,,,,,,,,,,,,,unc_clim_raw,raw
Takusa,0.8934307159712129,0.5277642592632,0.558641975308642,9,,,,,,,,,,,,,,unc_clim_raw,raw
Tarema Ber,0.6403879235760249,0.6267743239999487,0.8210059171597633,13,,,,,,,,,,,,,,unc_clim_raw,raw
Tegede,0.7554629898107101,0.4281376802200317,0.7530864197530864,9,,,,,,,,,,,,,,unc_clim_raw,raw
Telemt,0.3682423262032869,0.17919832291285076,0.9748520710059172,13,,,,,,,,,,,,,,unc_clim_raw,raw
Tena,0.45869844963409356,0.6508986721523697,0.935546875,16,,,,,,,,,,,,,,unc_clim_raw,raw
Tenta,0.49382809218690027,0.3400898764290303,0.8866666666666667,15,,,,,,,,,,,,,,unc_clim_raw,raw
Thehulederie,0.4594219634092909,0.2333889391756198,0.9033333333333333,15,,,,,,,,,,,,,,unc_clim_raw,raw
Tikur Enchini,0.7133228102252425,0.35921681422673507,0.7704081632653061,7,,,,,,,,,,,,,,unc_clim_raw,raw
Tiyo,0.7720921464209686,0.5251922353102315,0.49074074074074076,9,,,,,,,,,,,,,,unc_clim_raw,raw
Toke Kutaye,0.7061963571878285,0.5389338288857402,0.6975308641975309,9,,,,,,,,,,,,,,unc_clim_raw,raw
Tole,1.0100666381002004,0.7336538536419771,0.40816326530612246,7,,,,,,,,,,,,,,unc_clim_raw,raw
Tsagbeji,0.30635021585985045,0.24814897430277352,0.95875,20,,,,,,,,,,,,,,unc_clim_raw,raw
Tulefa town,0.38974030089535655,0.20418606091418615,0.9288194444444444,12,,,,,,,,,,,,,,unc_clim_raw,raw
Wadla,0.3767943893585067,0.3724804785306289,0.9286703601108033,19,,,,,,,,,,,,,,unc_clim_raw,raw
Waliso,0.6998316569435516,0.3712820820088693,0.8214285714285714,7,,,,,,,,,,,,,,unc_clim_raw,raw
Wara Jarso,0.8750941387326313,0.48320993018697095,0.6141975308641975,9,,,,,,,,,,,,,,unc_clim_raw,raw
Wegde,0.5007635473194417,0.37232875753510714,0.8579881656804734,13,,,,,,,,,,,,,,unc_clim_raw,raw
Wegeda town,0.39479504967827145,0.26290790955647747,0.9630177514792899,13,,,,,,,,,,,,,,unc_clim_raw,raw
Wegedi town,0.705071292020755,0.7035712883077785,0.8150887573964497,13,,,,,,,,,,,,,,unc_clim_raw,raw
Wegel tena town,0.25200844615719675,0.14834817966198657,0.9826989619377162,17,,,,,,,,,,,,,,unc_clim_raw,raw
Wegera,0.5306912261072569,0.5907666578320361,0.8920118343195266,13,,,,,,,,,,,,,,unc_clim_raw,raw
Welmera,0.6572030557200336,0.3567360651857714,0.7993827160493827,9,,,,,,,,,,,,,,unc_clim_raw,raw
Wemberma,0.8722376559574435,1.1930187785781379,0.6260330578512396,11,,,,,,,,,,,,,,unc_clim_raw,raw
Wenchi,0.7159099928869149,0.3886507369953401,0.8571428571428571,7,,,,,,,,,,,,,,unc_clim_raw,raw
Were Ilu,0.6347616177211558,0.6089793875969528,0.8048469387755102,14,,,,,,,,,,,,,,unc_clim_raw,raw
Wereilu town,0.6791875154960454,0.6540024199970148,0.7959183673469388,14,,,,,,,,,,,,,,unc_clim_raw,raw
West Belesa,0.45020557905596104,0.3381370673399059,0.9393491124260355,13,,,,,,,,,,,,,,unc_clim_raw,raw
West Dembiya,0.5272198775114323,0.2987282966617866,0.9104938271604939,9,,,,,,,,,,,,,,unc_clim_raw,raw
Woldiya town,0.44575469958779673,0.4765676607221368,0.895124716553288,21,,,,,,,,,,,,,,unc_clim_raw,raw
Woliso town,0.6901771465540136,0.361858628458776,0.8214285714285714,7,,,,,,,,,,,,,,unc_clim_raw,raw
Wondo,0.9389520618726671,2.800807043445614,0.34262759924385633,23,,,,,,,,,,,,,,unc_clim_raw,raw
Worebabu,0.47041292311813526,0.5314097985743139,0.8718820861678005,21,,,,,,,,,,,,,,unc_clim_raw,raw
Woreta town,0.47028145426995555,0.4697822807128833,0.9260355029585798,13,,,,,,,,,,,,,,unc_clim_raw,raw
Wuchale,0.4348044777403466,0.24826268244280245,0.9023668639053254,13,,,,,,,,,,,,,,unc_clim_raw,raw
Yaya Gulele,0.3797371313086485,0.21355474618998477,0.9674556213017751,13,,,,,,,,,,,,,,unc_clim_raw,raw
Zequala,0.4699875528832359,0.4651098975897146,0.9022222222222223,15,,,,,,,,,,,,,,unc_clim_raw,raw
Ziway Dugda,0.6212219903164897,1.1571457428381415,0.6942520775623269,19,,,,,,,,,,,,,,unc_clim_raw,raw
ALL,0.562342483897141,0.5742979766450379,0.8214238834189126,4246,,,0.4536033914272256,0.09192363822579365,0.11118010697139001,0.12210744036221931,0.102575552797326,0.13455574554041191,0.8563380958906415,0.7614787906704075,0.7056242707742371,0.6646618279569892,0.8872591296098977,unc_clim_raw,raw
Abergele (AM),0.33557197250022014,0.3083112215944926,0.9437716262975778,17,,,,,,,,,,,,,,clim_raw,raw
Abichugna Gne'a,0.5171731262480097,0.41222936040160296,0.8535502958579881,13,,,,,,,,,,,,,,clim_raw,raw
Abuna Ginde Beret,0.7501591204281527,0.463130729302127,0.6419753086419753,9,,,,,,,,,,,,,,clim_raw,raw
Ada'a,0.43923906555352765,0.2759860809448505,0.9247448979591837,14,,,,,,,,,,,,,,clim_raw,raw
Adaba,0.6116731110002565,0.6490671383039612,0.8076923076923077,13,,,,,,,,,,,,,,clim_raw,raw
Adama,0.4608231027466152,0.3971254677845349,0.8724489795918368,14,,,,,,,,,,,,,,clim_raw,raw
Adama Tulu Jido Kombolcha,0.6576446185645791,0.6503375369678203,0.7997448979591837,14,,,,,,,,,,,,,,clim_raw,raw
Adama town,0.453932677425942,0.29873640947789293,0.9166666666666666,15,,,,,,,,,,,,,,clim_raw,raw
Adda Berga,0.6337725493325609,0.49731490040601767,0.7901234567901234,9,,,,,,,,,,,,,,clim_raw,raw
Addi Arekay,0.4676484730624836,0.2452511615076997,0.9525,10,,,,,,,,,,,,,,clim_raw,raw
Adiss Zemen town,0.3790943839840611,0.22941023824857001,0.977810650887574,13,,,,,,,,,,,,,,clim_raw,raw
Agarfa,0.46108031250952625,0.40453342642350065,0.92578125,16,,,,,,,,,,,,,,clim_raw,raw
Akaki,1.0209399942440616,1.028815999623041,0.5679012345679012,9,,,,,,,,,,,,,,clim_raw,raw
Akeseta town,0.7832038353541344,0.8804551483291251,0.8032544378698225,13,,,,,,,,,,,,,,clim_raw,raw
Albuko,0.6575669186983779,0.6492656396370917,0.7831632653061225,14,,,,,,,,,,,,,,clim_raw,raw
Alefa,1.021163959938682,0.912800181400644,0.5246913580246914,9,,,,,,,,,,,,,,clim_raw,raw
Aleltu,0.3189080024165784,0.15573514902978317,0.9947916666666666,12,,,,,,,,,,,,,,clim_raw,raw
Aleme Ketma town,0.4486006140164799,0.3613298820788495,0.8875739644970414,13,,,,,,,,,,,,,,clim_raw,raw
Amanuel town,0.6887865702708514,0.5424561659896835,0.7425,10,,,,,,,,,,,,,,clim_raw,raw
Amba Giorgis town,0.43805694819604446,0.33299755537907927,0.9704142011834319,13,,,,,,,,,,,,,,clim_raw,raw
Ambasel,0.38795618039777247,0.2393717314375974,0.9311111111111111,15,,,,,,,,,,,,,,clim_raw,raw
Ambo Zuria,0.6586904739558058,0.4503497135920587,0.7901234567901234,9,,,,,,,,,,,,,,clim_raw,raw
Ambo town,0.6989747455426453,0.5125352176633045,0.7314814814814815,9,,,,,,,,,,,,,,clim_raw,raw
Ameya,0.6697617895170347,0.6198226335883519,0.7706611570247934,11,,,,,,,,,,,,,,clim_raw,raw
Amigna,0.4774520046653885,0.47043132986289815,0.9097222222222222,18,,,,,,,,,,,,,,clim_raw,raw
Andabet /West Esite,0.4308724348056015,0.29885773422179673,0.9659763313609467,13,,,,,,,,,,,,,,clim_raw,raw
Aneded,0.68266696610625,0.5472730075329111,0.77,10,,,,,,,,,,,,,,clim_raw,raw
Angolelana Tera,0.5192067601019439,0.434073023927425,0.8372781065088757,13,,,,,,,,,,,,,,clim_raw,raw
Angot,0.3394046523855837,0.2607262058756843,0.9570637119113573,19,,,,,,,,,,,,,,clim_raw,raw
Ankober,0.5084444692531412,0.36329480311201084,0.8801020408163265,14,,,,,,,,,,,,,,clim_raw,raw
Antsokiya,0.7192293420824514,0.787435340904293,0.7665816326530612,14,,,,,,,,,,,,,,clim_raw,raw
Arerti town,0.4753398303297578,0.3216897514241116,0.9055555555555556,15,,,,,,,,,,,,,,clim_raw,raw
Argoba,0.8892951888953872,1.0389677499412324,0.7755102040816326,14,,,,,,,,,,,,,,clim_raw,raw
Arsi Negele,1.137357077631683,1.0951515055513008,0.5555555555555556,9,,,,,,,,,,,,,,clim_raw,raw
Arsi Negele town,0.9338692972536242,0.9444857227453051,0.6666666666666666,9,,,,,,,,,,,,,,clim_raw,raw
Aseko,0.6482677910860059,0.9617626188202114,0.7051039697542533,23,,,,,,,,,,,,,,clim_raw,raw
Asela town,0.5779002433518523,0.49898141766728815,0.8488888888888889,15,,,,,,,,,,,,,,clim_raw,raw
Assagirt,0.4510287289110661,0.3361064680545831,0.8903061224489796,14,,,,,,,,,,,,,,clim_raw,raw
Ataye town,0.5231280765163523,0.4337489438827971,0.8855555555555555,15,,,,,,,,,,,,,,clim_raw,raw
Awabel,0.6981624949244327,0.5771591347514282,0.74,10,,,,,,,,,,,,,,clim_raw,raw
Aykel town,0.6031426103160462,0.47339678670699925,0.8364197530864198,9,,,,,,,,,,,,,,clim_raw,raw
Bako Tibe,0.6284787878761764,0.4818945917141187,0.953125,4,,,,,,,,,,,,,,clim_raw,raw
Baso Liben,0.5922727911893175,0.42357044994077453,0.8675,10,,,,,,,,,,,,,,clim_raw,raw
Basona Worena,0.5838082663529439,0.5613282225308562,0.8239644970414202,13,,,,,,,,,,,,,,clim_raw,raw
Batu town,0.3797700211502865,0.3790385127268643,0.9397506925207756,19,,,,,,,,,,,,,,clim_raw,raw
Bechena town,0.4503915255056946,0.3375887112601551,0.9304733727810651,13,,,,,,,,,,,,,,clim_raw,raw
Becho (SW Shewa),0.9574060753627652,0.8608909404157723,0.5204081632653061,7,,,,,,,,,,,,,,clim_raw,raw
Bedesa town,1.175845421334436,1.318206894411094,0.6296296296296297,9,,,,,,,,,,,,,,clim_raw,raw
Bele Gesgar,0.5667254666994811,0.5381345235942183,0.8916015625,16,,,,,,,,,,,,,,clim_raw,raw
Bereh,0.92720939230933,0.7980523370146462,0.6512345679012346,9,,,,,,,,,,,,,,clim_raw,raw
Berehet,0.5209741790163874,0.400476606830703,0.8666666666666667,15,,,,,,,,,,,,,,clim_raw,raw
Beyeda,0.6305182142023837,0.6908884429966177,0.8062130177514792,13,,,,,,,,,,,,,,clim_raw,raw
Bibugn,0.6337674851191216,0.5461255553033925,0.8223140495867769,11,,,,,,,,,,,,,,clim_raw,raw
Bishoftu town,0.9490111160915509,0.9175017071183889,0.6327160493827161,9,,,,,,,,,,,,,,clim_raw,raw
Bokoji town,0.6224545425471052,0.5664960990625204,0.8072916666666666,12,,,,,,,,,,,,,,clim_raw,raw
Bora (OR),0.46560151875752503,0.33564233503698426,0.8839285714285714,14,,,,,,,,,,,,,,clim_raw,raw
Borena /Debresina,0.5354242085584342,0.47522241093194323,0.8269230769230769,13,,,,,,,,,,,,,,clim_raw,raw
Boset,0.4867728633103791,0.3377126624339688,0.8922222222222222,15,,,,,,,,,,,,,,clim_raw,raw
Bugna,0.6614891563703625,0.6937781524716881,0.7729591836734694,14,,,,,,,,,,,,,,clim_raw,raw
Burayu,0.879591593970835,0.7790320505943771,0.6234567901234568,9,,,,,,,,,,,,,,clim_raw,raw
Bure (AM),0.8146591414126905,0.8366684386820971,0.61,10,,,,,,,,,,,,,,clim_raw,raw
Bure town,1.0174567404692105,1.225007191852993,0.5578512396694215,11,,,,,,,,,,,,,,clim_raw,raw
Burqua Dhintu,0.03327223046678052,0.042487631701040314,1.0,23,,,,,,,,,,,,,,clim_raw,raw
Chancho town,0.8021501111267321,0.6007173072680222,0.6820987654320988,9,,,,,,,,,,,,,,clim_raw,raw
Cheliya,0.8208170967795935,0.5074528906126657,0.5069444444444444,6,,,,,,,,,,,,,,clim_raw,raw
Chilga 1,0.6123436943821334,0.4575356918354111,0.8549382716049383,9,,,,,,,,,,,,,,clim_raw,raw
Chilga 2,0.6285777373861268,0.4777241685878946,0.8209876543209876,9,,,,,,,,,,,,,,clim_raw,raw
Chiro Zuria,0.6672398828168977,0.6085265221573702,0.8388888888888889,15,,,,,,,,,,,,,,clim_raw,raw
Chiro town,1.1761638218236443,1.318713810321733,0.6265432098765432,9,,,,,,,,,,,,,,clim_raw,raw
Chole,0.34577580936777136,0.23568576456166537,0.9580078125,16,,,,,,,,,,,,,,clim_raw,raw
Cobi,0.7771753462630885,0.5171817125003989,0.7847222222222222,6,,,,,,,,,,,,,,clim_raw,raw
Dabat,0.7494377771534765,0.5400550838744105,0.7160493827160493,9,,,,,,,,,,,,,,clim_raw,raw
Dabat town,0.7707907200233328,0.6088937251171904,0.6820987654320988,9,,,,,,,,,,,,,,clim_raw,raw
Dano,0.703259046864447,0.36461487331750725,0.7708333333333334,6,,,,,,,,,,,,,,clim_raw,raw
Dawo,0.934382003495311,0.801850632504851,0.5714285714285714,7,,,,,,,,,,,,,,clim_raw,raw
Dawunt,0.5143682148922478,0.4634448410129836,0.8545918367346939,14,,,,,,,,,,,,,,clim_raw,raw
Debark,0.6770141432389942,0.46619752590068764,0.7592592592592593,9,,,,,,,,,,,,,,clim_raw,raw
Debark town,0.5621108941712621,0.4353477135159025,0.8333333333333334,9,,,,,,,,,,,,,,clim_raw,raw
Debay Telatgen,0.4498546359054816,0.3452644786899683,0.9659763313609467,13,,,,,,,,,,,,,,clim_raw,raw
Debre Berhan town,0.5844584672835691,0.5576859474426672,0.8180473372781065,13,,,,,,,,,,,,,,clim_raw,raw
Debre Elias,0.7132677732570628,0.5613260524515277,0.68,10,,,,,,,,,,,,,,clim_raw,raw
Debre Libanos,0.4217407345203952,0.29051475878937627,0.8949704142011834,13,,,,,,,,,,,,,,clim_raw,raw
Debre Markos town,0.6402171081202951,0.49185520763341045,0.8025,10,,,,,,,,,,,,,,clim_raw,raw
Debre Sina town,0.6100952078734689,0.6000886476567308,0.8136094674556213,13,,,,,,,,,,,,,,clim_raw,raw
Debre Tabor town,0.4748728119798042,0.38420075683268917,0.9571005917159763,13,,,,,,,,,,,,,,clim_raw,raw
Debrework town,0.4497913860533076,0.3263064142542645,0.908284023668639,13,,,,,,,,,,,,,,clim_raw,raw
Dega Damot,0.801341625679298,0.6520112004526122,0.5092592592592593,9,,,,,,,,,,,,,,clim_raw,raw
Degeluna Tijo,0.9676478001456044,0.9892057079555671,0.6512345679012346,9,,,,,,,,,,,,,,clim_raw,raw
Degem,0.9695203663048856,0.8834129515674995,0.6327160493827161,9,,,,,,,,,,,,,,clim_raw,raw
Degolo town,0.7361258018217973,0.8173905854114621,0.8032544378698225,13,,,,,,,,,,,,,,clim_raw,raw
Dehana,0.7168329883165727,0.8132039814806268,0.7665816326530612,14,,,,,,,,,,,,,,clim_raw,raw
Dejen,0.4615144926782134,0.3497318571671138,0.9541420118343196,13,,,,,,,,,,,,,,clim_raw,raw
Dejen town,0.48737146420930755,0.3824989596734008,0.9319526627218935,13,,,,,,,,,,,,,,clim_raw,raw
Delanta,0.3509342237919338,0.24505380703042778,0.9487534626038782,19,,,,,,,,,,,,,,clim_raw,raw
Dembecha,0.6782054591124085,0.5612699942937656,0.765,10,,,,,,,,,,,,,,clim_raw,raw
Denbecha town,0.6887865702708514,0.5424561659896835,0.7425,10,,,,,,,,,,,,,,clim_raw,raw
Dendi,0.6456966191009328,0.4258801914195699,0.7525,10,,,,,,,,,,,,,,clim_raw,raw
Dera (AM),0.44409869237835226,0.3370255599383057,0.9689349112426036,13,,,,,,,,,,,,,,clim_raw,raw
Dera (OR),0.4534672722097196,0.3303465562903863,0.8816568047337278,13,,,,,,,,,,,,,,clim_raw,raw
Dera town,0.5163691107765341,0.4956726580079564,0.875,14,,,,,,,,,,,,,,clim_raw,raw
Dessie Zuria,0.5894037775069535,0.553387209886313,0.8048469387755102,14,,,,,,,,,,,,,,clim_raw,raw
Dessie town,0.43705993243215924,0.2673534884667067,0.9122222222222223,15,,,,,,,,,,,,,,clim_raw,raw
Diksis,0.5241579847849732,0.3869190672173182,0.8711111111111111,15,,,,,,,,,,,,,,clim_raw,raw
Dinsho,0.3912312221753519,0.36116886878643173,0.9439058171745153,19,,,,,,,,,,,,,,clim_raw,raw
Doba,0.725379672946562,0.6961599630274703,0.8377777777777777,15,,,,,,,,,,,,,,clim_raw,raw
Dodola,0.8642809931042733,0.8267477334618916,0.5864197530864198,9,,,,,,,,,,,,,,clim_raw,raw
Dodola town,0.4019250038686299,0.3844403573229264,0.925207756232687,19,,,,,,,,,,,,,,clim_raw,raw
Dodota,0.3651264867475371,0.267429747291009,0.9404296875,16,,,,,,,,,,,,,,clim_raw,raw
Dugda,0.4281319775831166,0.421662501462265,0.8885041551246537,19,,,,,,,,,,,,,,clim_raw,raw
East Belesa,0.5623778244340295,0.5634233702655347,0.8106508875739645,13,,,,,,,,,,,,,,clim_raw,raw
East Dembia,0.7825081663950545,0.5934571529133794,0.6944444444444444,9,,,,,,,,,,,,,,clim_raw,raw
East Esite,0.42107333562726834,0.2903291598370141,0.9704142011834319,13,,,,,,,,,,,,,,clim_raw,raw
Ebenat,0.44287204959118254,0.33260209003102703,0.9127218934911243,13,,,,,,,,,,,,,,clim_raw,raw
Ebenat town,0.37213481686182265,0.2200081634847559,0.977810650887574,13,,,,,,,,,,,,,,clim_raw,raw
Eferatana Gidem,0.7874086848312404,0.8941177186437488,0.7653061224489796,14,,,,,,,,,,,,,,clim_raw,raw
Ejere /Addis Alem,0.5921476887371527,0.4057955294616461,0.8525,10,,,,,,,,,,,,,,clim_raw,raw
Ejersa Lafo,0.6378897829911755,0.4145741608978981,0.8125,10,,,,,,,,,,,,,,clim_raw,raw
Eka Tafo,1.007394809988804,0.9227190753439243,0.6327160493827161,9,,,,,,,,,,,,,,clim_raw,raw
Enarj Enawga,0.46071147539889973,0.3501743757109926,0.9526627218934911,13,,,,,,,,,,,,,,clim_raw,raw
Enebse Sarmder,0.47331863482163733,0.352973258468516,0.8964497041420119,13,,,,,,,,,,,,,,clim_raw,raw
Enemay,0.44312115487528114,0.32713361253702034,0.9526627218934911,13,,,,,,,,,,,,,,clim_raw,raw
Enewari town,0.5108063087872052,0.45172017490333616,0.841715976331361,13,,,,,,,,,,,,,,clim_raw,raw
Ensaro,0.46657729278190313,0.35321376179084596,0.8742603550295858,13,,,,,,,,,,,,,,clim_raw,raw
Farta,0.4791422484614417,0.3888067873329977,0.9556213017751479,13,,,,,,,,,,,,,,clim_raw,raw
Fentale,0.5388489439767196,0.4086272538541857,0.8644444444444445,15,,,,,,,,,,,,,,clim_raw,raw
Fiche town,0.41563187271488494,0.2879000668494989,0.9289940828402367,13,,,,,,,,,,,,,,clim_raw,raw
Filakit town,0.4444683628478606,0.34977817035000075,0.9155124653739612,19,,,,,,,,,,,,,,clim_raw,raw
Finote Selam town,0.7261981729322278,0.7327661506074136,0.7,10,,,,,,,,,,,,,,clim_raw,raw
Fogera,0.3914925271377137,0.25140344115927094,0.9763313609467456,13,,,,,,,,,,,,,,clim_raw,raw
Furi,0.8909242218616611,0.7972648473224102,0.5555555555555556,9,,,,,,,,,,,,,,clim_raw,raw
Galan,0.9939262621189039,0.9909238544587493,0.5370370370370371,9,,,,,,,,,,,,,,clim_raw,raw
Galan Gudo,0.8869660869513726,0.8026679649950441,0.5802469135802469,9,,,,,,,,,,,,,,clim_raw,raw
Garba Guracha,0.39679149609507824,0.26027640967619814,0.9733727810650887,13,,,,,,,,,,,,,,clim_raw,raw
Gasera,0.6300721326498313,0.6404156086925111,0.8916015625,16,,,,,,,,,,,,,,clim_raw,raw
Gashena town,0.5151196716348815,0.5198796111834425,0.8577097505668935,21,,,,,,,,,,,,,,clim_raw,raw
Gaz Gibla,0.31842887356314964,0.21299880527550255,0.9591412742382271,19,,,,,,,,,,,,,,clim_raw,raw
Gazo,0.28177554589718923,0.1987797888395083,0.9814814814814815,18,,,,,,,,,,,,,,clim_raw,raw
Gedeb Asasa,0.5857024478143704,0.6011945522282425,0.8476331360946746,13,,,,,,,,,,,,,,clim_raw,raw
Gefersa Guje,0.7635812862995169,0.6137792871838652,0.654320987654321,9,,,,,,,,,,,,,,clim_raw,raw
Gerar Jarso,0.4050608830058539,0.26818133334940286,0.9349112426035503,13,,,,,,,,,,,,,,clim_raw,raw
Gidan,0.29591047424026096,0.19690377976898796,0.974376731301939,19,,,,,,,,,,,,,,clim_raw,raw
Gimbichu,0.38211582422763496,0.2555835552853973,0.9540816326530612,14,,,,,,,,,,,,,,clim_raw,raw
Gimeba town,0.6524281658010896,0.6607197384965021,0.7818877551020408,14,,,,,,,,,,,,,,clim_raw,raw
Ginde Beret,0.8536966894264483,0.6016348742323617,0.5138888888888888,6,,,,,,,,,,,,,,clim_raw,raw
Ginir,0.010023781694446355,0.013127743736382244,1.0,23,,,,,,,,,,,,,,clim_raw,raw
Gishe Rabel,0.6968229219148748,0.7167313830063392,0.7729591836734694,14,,,,,,,,,,,,,,clim_raw,raw
Goba (OR),0.11824691652170208,0.18267573128446415,1.0,23,,,,,,,,,,,,,,clim_raw,raw
Goba Koricha,0.6375975895829004,0.5645575963860057,0.8544444444444445,15,,,,,,,,,,,,,,clim_raw,raw
Goba town,0.3639683946907604,0.38668363845768394,0.9597107438016529,22,,,,,,,,,,,,,,clim_raw,raw
Golocha,0.36011680466279355,0.25860672471950885,0.9560546875,16,,,,,,,,,,,,,,clim_raw,raw
Gololcha Bale,0.024430224180991177,0.02958047359753439,1.0,23,,,,,,,,,,,,,,clim_raw,raw
Goncha Siso Enebse,0.40397697473197797,0.26179571774193106,0.9585798816568047,13,,,,,,,,,,,,,,clim_raw,raw
Gondar town,0.7240237670221007,0.4920245251497017,0.7283950617283951,9,,,,,,,,,,,,,,clim_raw,raw
Gonder Zuria,0.7208753637378751,0.5453755958123495,0.7438271604938271,9,,,,,,,,,,,,,,clim_raw,raw
Goro (Bale),0.024031910243059954,0.03274779695729023,1.0,23,,,,,,,,,,,,,,clim_raw,raw
Goro (SW Shewa),0.5932874406403946,0.48804810497304624,0.8420138888888888,12,,,,,,,,,,,,,,clim_raw,raw
Guba Lafto,0.44169208056772696,0.3624793548282366,0.8996598639455783,21,,,,,,,,,,,,,,clim_raw,raw
Gumbi Bordede,0.6111535720375357,0.5242592071772598,0.8611111111111112,15,,,,,,,,,,,,,,clim_raw,raw
Guna,0.37048588956621076,0.27588464858271433,0.94921875,16,,,,,,,,,,,,,,clim_raw,raw
Guna Begemider,0.4495604631486269,0.3295843415712385,0.9260355029585798,13,,,,,,,,,,,,,,clim_raw,raw
Gundwoin town,0.429071116190641,0.3086499937185432,0.9615384615384616,13,,,,,,,,,,,,,,clim_raw,raw
Guzamn,0.6847508840526573,0.570758675284853,0.75,10,,,,,,,,,,,,,,clim_raw,raw
Habro,0.5719888120595573,0.46358545460713635,0.8644444444444445,15,,,,,,,,,,,,,,clim_raw,raw
Habru,0.5250051473491061,0.45636777311013166,0.8482142857142857,14,,,,,,,,,,,,,,clim_raw,raw
Hagere Mariam,0.41937395533402966,0.2946430996991016,0.9079861111111112,12,,,,,,,,,,,,,,clim_raw,raw
Hamusit town,0.4256268938946362,0.30406932085946625,0.9718934911242604,13,,,,,,,,,,,,,,clim_raw,raw
Hara town,0.39267746017200933,0.3112211332088413,0.9217687074829932,21,,,,,,,,,,,,,,clim_raw,raw
Harbu town,0.5915928744950827,0.44808997348925267,0.8611111111111112,15,,,,,,,,,,,,,,clim_raw,raw
Hawi Gudina,0.0918281085791162,0.1354604993307672,1.0,23,,,,,,,,,,,,,,clim_raw,raw
Heban Arsi,1.0335977420512743,1.0976441311604246,0.6388888888888888,9,,,,,,,,,,,,,,clim_raw,raw
Hidabu Abote,0.9611607441112776,0.8906656818101985,0.6327160493827161,9,,,,,,,,,,,,,,clim_raw,raw
Hike town,0.42720142854356086,0.23127146018741568,0.9255555555555556,15,,,,,,,,,,,,,,clim_raw,raw
Hitosa,0.5197352967230945,0.38102233684816234,0.8766666666666667,15,,,,,,,,,,,,,,clim_raw,raw
Holeta town,0.5106414177852601,0.41218838812735775,0.9393491124260355,13,,,,,,,,,,,,,,clim_raw,raw
Hulet Ej Enese,0.5072192310044563,0.43248531387845274,0.9511834319526628,13,,,,,,,,,,,,,,clim_raw,raw
Ifata,0.5765720249659451,0.4008553944859929,0.89,10,,,,,,,,,,,,,,clim_raw,raw
Illu Galan,0.7671134867658272,0.43519390487128123,0.6458333333333334,6,,,,,,,,,,,,,,clim_raw,raw
Ilu,0.46731198044359495,0.36780191965743336,0.9722222222222222,12,,,,,,,,,,,,,,clim_raw,raw
Inkolo Wabe,0.47911361724768253,0.4072352882909775,0.9072265625,16,,,,,,,,,,,,,,clim_raw,raw
Jabi Tehnan,0.7290229478730048,0.6928387624208637,0.695,10,,,,,,,,,,,,,,clim_raw,raw
Jama,0.6649133224938317,0.6826525351563713,0.8136094674556213,13,,,,,,,,,,,,,,clim_raw,raw
Janamora,0.5501668983399098,0.5387700404796774,0.8180473372781065,13,,,,,,,,,,,,,,clim_raw,raw
Jeju,0.3714563382759063,0.27352043552712196,0.9453125,16,,,,,,,,,,,,,,clim_raw,raw
Jeldu,0.5761717936074816,0.41292215416154154,0.9259259259259259,9,,,,,,,,,,,,,,clim_raw,raw
Jibat,0.7900218048733808,0.46649763917897963,0.6041666666666666,6,,,,,,,,,,,,,,clim_raw,raw
Jida,0.3800996626983498,0.24112240142171004,0.9393491124260355,13,,,,,,,,,,,,,,clim_raw,raw
Jiga town,0.7354202180028696,0.6408445744929181,0.6759259259259259,9,,,,,,,,,,,,,,clim_raw,raw
Kalu,0.5313343279419553,0.37455933030807886,0.8744444444444445,15,,,,,,,,,,,,,,clim_raw,raw
Kelala town,0.7046370982082562,0.7237539402600296,0.8047337278106509,13,,,,,,,,,,,,,,clim_raw,raw
Kelela,0.6762761211355769,0.682766998819425,0.8062130177514792,13,,,,,,,,,,,,,,clim_raw,raw
Kersana Malima,0.4686026798439311,0.36262489846658347,0.9423076923076923,13,,,,,,,,,,,,,,clim_raw,raw
Kewet,0.6542308754045136,0.6943986435923848,0.8032544378698225,13,,,,,,,,,,,,,,clim_raw,raw
Kimbibit,0.4005333565126748,0.2667590586753744,0.9079861111111112,12,,,,,,,,,,,,,,clim_raw,raw
Kinfaz Begela,0.541757968567162,0.5241873783738005,0.8195266272189349,13,,,,,,,,,,,,,,clim_raw,raw
Kobo town,0.31355265416076306,0.22932957412916538,0.9584487534626038,19,,,,,,,,,,,,,,clim_raw,raw
Kofele,0.970262448498826,1.0055454403508497,0.6635802469135802,9,,,,,,,,,,,,,,clim_raw,raw
Kofele town,0.3030747769394073,0.4854158847974649,1.0,23,,,,,,,,,,,,,,clim_raw,raw
Kokosa,0.90296995491869,0.8971890296465771,0.6450617283950617,9,,,,,,,,,,,,,,clim_raw,raw
Kolla Debba town,0.7227905195256484,0.5473726757560851,0.7283950617283951,9,,,,,,,,,,,,,,clim_raw,raw
Kombolcha town,0.5106689830902869,0.34896450417143726,0.8788888888888889,15,,,,,,,,,,,,,,clim_raw,raw
Kore,0.7794073613302115,0.6836827653720096,0.7006172839506173,9,,,,,,,,,,,,,,clim_raw,raw
Koye,0.9476836589015392,0.8729876559396641,0.6265432098765432,9,,,,,,,,,,,,,,clim_raw,raw
Kura Jida,1.008335860600597,0.9245379703623181,0.6327160493827161,9,,,,,,,,,,,,,,clim_raw,raw
Kutaber,0.46586730773914903,0.30572025715547196,0.9,15,,,,,,,,,,,,,,clim_raw,raw
Kuyu,0.6547584307104581,0.49977253666739657,0.785,10,,,,,,,,,,,,,,clim_raw,raw
Lalibela town,0.30144567160447316,0.21822288919310157,0.9681440443213296,19,,,,,,,,,,,,,,clim_raw,raw
Lasta,0.34824824981805663,0.27294823031535453,0.9522160664819944,19,,,,,,,,,,,,,,clim_raw,raw
Lay Armacho,0.7691389219630026,0.45668261620258666,0.691358024691358,9,,,,,,,,,,,,,,clim_raw,raw
Lay Gayint,0.4730264031238863,0.36602028756699495,0.878698224852071,13,,,,,,,,,,,,,,clim_raw,raw
Legambo,0.7002918643527993,0.7506905297618695,0.8032544378698225,13,,,,,,,,,,,,,,clim_raw,raw
Legehida,0.7710003818298041,0.8548101863778327,0.8032544378698225,13,,,,,,,,,,,,,,clim_raw,raw
Liban Jawi,0.817119771875519,0.572146611289958,0.5510204081632653,7,,,,,,,,,,,,,,clim_raw,raw
Liben Chukala,0.38425147860478626,0.2237632452700465,0.9426020408163265,14,,,,,,,,,,,,,,clim_raw,raw
Libokemekem,0.36890846334368643,0.22457176023271935,0.9837278106508875,13,,,,,,,,,,,,,,clim_raw,raw
Limu Bilbilo,0.5807570611173819,0.5640256777426359,0.8420138888888888,12,,,,,,,,,,,,,,clim_raw,raw
Lome (OR),0.49188662336624195,0.35852312047211476,0.8877551020408163,14,,,,,,,,,,,,,,clim_raw,raw
Lude Hitosa,0.5260224507785946,0.3913369234818672,0.8666666666666667,15,,,,,,,,,,,,,,clim_raw,raw
Lumame town,0.705796852470227,0.6017348328541843,0.7225,10,,,,,,,,,,,,,,clim_raw,raw
Mana Abichu,0.8756544377907886,0.766668553043111,0.5925925925925926,9,,,,,,,,,,,,,,clim_raw,raw
Masero Denb /Central Armacho,0.8236556930206331,0.5855557402259125,0.6820987654320988,9,,,,,,,,,,,,,,clim_raw,raw
Mehal Meda town,0.5485673557643672,0.5217834256252767,0.8239644970414202,13,,,,,,,,,,,,,,clim_raw,raw
Mehal Sayint,0.5554421930418397,0.49773933110893426,0.8269230769230769,13,,,,,,,,,,,,,,clim_raw,raw
Mekan Eyesuse,0.44843489878107506,0.32644170861714056,0.9615384615384616,13,,,,,,,,,,,,,,clim_raw,raw
Mekane Selam town,0.546080577191405,0.50394946181058,0.8180473372781065,13,,,,,,,,,,,,,,clim_raw,raw
Mekdela,0.5092899237161005,0.45456470922537834,0.8584183673469388,14,,,,,,,,,,,,,,clim_raw,raw
Meket,0.5989584376866182,0.51907653293392,0.8150510204081632,14,,,,,,,,,,,,,,clim_raw,raw
Melka Nonno,0.8509123770289855,0.7418542754998964,0.5277777777777778,9,,,,,,,,,,,,,,clim_raw,raw
Mena Meketewa,0.4875923558345905,0.3997188747603514,0.8813775510204082,14,,,,,,,,,,,,,,clim_raw,raw
Menze Gera Midir,0.6447738281346,0.6563890905126348,0.8047337278106509,13,,,,,,,,,,,,,,clim_raw,raw
Menze Keya Gabriel,0.5577880068257497,0.5118927454965589,0.8254437869822485,13,,,,,,,,,,,,,,clim_raw,raw
Menze Lalo Midir,0.5331979181082084,0.4910280238711271,0.8254437869822485,13,,,,,,,,,,,,,,clim_raw,raw
Menze Mama Midir,0.5581220321735711,0.5247897135791405,0.8254437869822485,13,,,,,,,,,,,,,,clim_raw,raw
Merhabete,0.4394172587571022,0.3443153208654671,0.8905325443786982,13,,,,,,,,,,,,,,clim_raw,raw
Mersa town,0.39267746017200933,0.3112211332088413,0.9217687074829932,21,,,,,,,,,,,,,,clim_raw,raw
Merti,0.5093222397221188,0.36529200650877025,0.8822222222222222,15,,,,,,,,,,,,,,clim_raw,raw
Merto Lemariyam town,0.41108353434438644,0.2623121466726879,0.9556213017751479,13,,,,,,,,,,,,,,clim_raw,raw
Mesela /Shen Duggoo,0.5227073796259556,0.4737869295381364,0.900390625,16,,,,,,,,,,,,,,clim_raw,raw
Meta Robi,0.6157499538508167,0.44468030691270605,0.83,10,,,,,,,,,,,,,,clim_raw,raw
Meta Walkite,0.6381296183452965,0.49391967566037703,0.7993827160493827,9,,,,,,,,,,,,,,clim_raw,raw
Metehara town,0.6119854235264447,0.5181832300932732,0.8411111111111111,15,,,,,,,,,,,,,,clim_raw,raw
Michakel,0.710054018004884,0.5406012603956192,0.6725,10,,,,,,,,,,,,,,clim_raw,raw
Mida Kegn,0.8053156187235189,0.5028130085298553,0.5763888888888888,6,,,,,,,,,,,,,,clim_raw,raw
Mida Woremo,1.5665373407351197,1.6574756021189014,0.5555555555555556,9,,,,,,,,,,,,,,clim_raw,raw
Mieso,0.7278443347822786,0.7019499382521339,0.8411111111111111,15,,,,,,,,,,,,,,clim_raw,raw
Minjar Shenkora,0.44917212753722247,0.2809403451246158,0.9188888888888889,15,,,,,,,,,,,,,,clim_raw,raw
Mojan Wedera,0.5837868849437385,0.5632509278610015,0.8136094674556213,13,,,,,,,,,,,,,,clim_raw,raw
Mojo town,0.4082403959063792,0.3073331499623245,0.9221938775510204,14,,,,,,,,,,,,,,clim_raw,raw
Molale town,0.6284127038121802,0.6434619723311757,0.8091715976331361,13,,,,,,,,,,,,,,clim_raw,raw
Moretna Jiru,0.46855832315317836,0.37888899346360333,0.8727810650887574,13,,,,,,,,,,,,,,clim_raw,raw
Mota town,0.486972845586772,0.39455870278401417,0.9556213017751479,13,,,,,,,,,,,,,,clim_raw,raw
Mulo,0.7156486233410716,0.5060170257277291,0.7345679012345679,9,,,,,,,,,,,,,,clim_raw,raw
Munessa,0.9065417144024978,0.9002664745176667,0.5895061728395061,9,,,,,,,,,,,,,,clim_raw,raw
Nefas Mewicha town,0.47678793691613514,0.34860748506745864,0.8839285714285714,14,,,,,,,,,,,,,,clim_raw,raw
Nenesebo,0.45395144658398245,0.712767124841312,0.9300567107750473,23,,,,,,,,,,,,,,clim_raw,raw
Nono,0.6177948618131808,0.6005825006591228,0.8140495867768595,11,,,,,,,,,,,,,,clim_raw,raw
Quarit,0.6983322210735683,0.514832655618976,0.7098765432098766,9,,,,,,,,,,,,,,clim_raw,raw
Raya Kobo,0.2894662264274607,0.1954279908473438,0.9603174603174603,21,,,,,,,,,,,,,,clim_raw,raw
Robe,0.5412361940070485,0.5467207914188876,0.888671875,16,,,,,,,,,,,,,,clim_raw,raw
Robe town,0.3115854099014653,0.2955892362424795,0.9648760330578512,22,,,,,,,,,,,,,,clim_raw,raw
Sahila,0.3590890068209485,0.25727993243702596,0.947265625,16,,,,,,,,,,,,,,clim_raw,raw
Sayint,0.5801068073054607,0.5578954975503276,0.8076923076923077,13,,,,,,,,,,,,,,clim_raw,raw
Sebeta,0.8587644446371518,0.7621976094176682,0.5277777777777778,9,,,,,,,,,,,,,,clim_raw,raw
Sebeta Hawas,0.9159038583743251,0.8266958027226885,0.5864197530864198,9,,,,,,,,,,,,,,clim_raw,raw
Sedae,0.41287553009019545,0.27305531095894,0.9571005917159763,13,,,,,,,,,,,,,,clim_raw,raw
Sede Muja,0.5142053999967262,0.4512583925519357,0.841715976331361,13,,,,,,,,,,,,,,clim_raw,raw
Seden Sodo,0.9582636742083938,0.8560846091647356,0.5306122448979592,7,,,,,,,,,,,,,,clim_raw,raw
Sekela,0.675587616435851,0.6694519442098881,0.7037037037037037,9,,,,,,,,,,,,,,clim_raw,raw
Sekota,0.3787623289470784,0.32763397229925123,0.9122222222222223,15,,,,,,,,,,,,,,clim_raw,raw
Sekota town,0.3710425516400727,0.3132316632235091,0.9188888888888889,15,,,,,,,,,,,,,,clim_raw,raw
Semada,0.4236664540058014,0.28750436254434963,0.9349112426035503,13,,,,,,,,,,,,,,clim_raw,raw
Senan,0.7444001176736504,0.5519223769370443,0.5895061728395061,9,,,,,,,,,,,,,,clim_raw,raw
Sendafa town,0.2756332940127904,0.13163050973412144,0.9955621301775148,13,,,,,,,,,,,,,,clim_raw,raw
Shala,1.2027266676194228,1.1936403774816737,0.5679012345679012,9,,,,,,,,,,,,,,clim_raw,raw
Shanan Kolu,0.38551873289383154,0.2981986408832709,0.9482421875,16,,,,,,,,,,,,,,clim_raw,raw
Shashemene,1.0606410079173054,1.1469096868646922,0.6481481481481481,9,,,,,,,,,,,,,,clim_raw,raw
Shashemene town,0.999666052214811,1.0509811724456408,0.6728395061728395,9,,,,,,,,,,,,,,clim_raw,raw
Shawra town,1.1990830368278145,1.1841686186931293,0.47530864197530864,9,,,,,,,,,,,,,,clim_raw,raw
Shebel Bernta,0.4655830786434817,0.36325649390958187,0.9349112426035503,13,,,,,,,,,,,,,,clim_raw,raw
Shendi town,1.0174567404692105,1.225007191852993,0.5578512396694215,11,,,,,,,,,,,,,,clim_raw,raw
Sheno town,0.3963478571895716,0.2435105200338373,0.9270833333333334,12,,,,,,,,,,,,,,clim_raw,raw
Shirka,0.5087774941156054,0.491075513039513,0.8916015625,16,,,,,,,,,,,,,,clim_raw,raw
Shoa Robit,0.6779299993361504,0.7601701819410243,0.8032544378698225,13,,,,,,,,,,,,,,clim_raw,raw
Sinana,0.3484093514674388,0.36703869407772965,0.9602272727272727,22,,,,,,,,,,,,,,clim_raw,raw
Siraro,0.1555252901975452,0.24138155000640252,1.0,23,,,,,,,,,,,,,,clim_raw,raw
Sire,0.36346527500928194,0.26526697143257105,0.9443359375,16,,,,,,,,,,,,,,clim_raw,raw
Siya Debirna Wayu,0.6267896725327239,0.5058310689792508,0.8380102040816326,14,,,,,,,,,,,,,,clim_raw,raw
Sodo Daci,0.4621561899946044,0.29196211393995875,0.9081632653061225,14,,,,,,,,,,,,,,clim_raw,raw
Sude,0.6219502487659807,0.5375849943609036,0.8422222222222222,15,,,,,,,,,,,,,,clim_raw,raw
Sululta,0.7885284496379856,0.5927810873626449,0.691358024691358,9,,,,,,,,,,,,,,clim_raw,raw
Sululta (OR),0.8812079116601178,0.7490683769249586,0.6728395061728395,9,,,,,,,,,,,,,,clim_raw,raw
Tach Armacho,0.9088138348692757,0.6827491286376283,0.5833333333333334,9,,,,,,,,,,,,,,clim_raw,raw
Tach Gayint,0.5608359846052733,0.43374156494429866,0.8392857142857143,14,,,,,,,,,,,,,,clim_raw,raw
Takusa,1.0154415807763788,0.8578888379556946,0.5,9,,,,,,,,,,,,,,clim_raw,raw
Tarema Ber,0.6444487189705234,0.6662871470327391,0.8047337278106509,13,,,,,,,,,,,,,,clim_raw,raw
Tegede,0.7841145986432544,0.5594941468991788,0.7345679012345679,9,,,,,,,,,,,,,,clim_raw,raw
Telemt,0.38099419390602157,0.22039982974652633,0.9689349112426036,13,,,,,,,,,,,,,,clim_raw,raw
Tena,0.419609281845065,0.3474594737023544,0.9384765625,16,,,,,,,,,,,,,,clim_raw,raw
Tenta,0.4849578084164821,0.35239202324832175,0.8866666666666667,15,,,,,,,,,,,,,,clim_raw,raw
Thehulederie,0.4491957916180464,0.2596952032583445,0.9122222222222223,15,,,,,,,,,,,,,,clim_raw,raw
Tikur Enchini,0.7696927219216155,0.5045097538690583,0.6632653061224489,7,,,,,,,,,,,,,,clim_raw,raw
Tiyo,1.0268275197228394,1.0879903309273684,0.5617283950617284,9,,,,,,,,,,,,,,clim_raw,raw
Toke Kutaye,0.7083341836740131,0.4341155715183208,0.7006172839506173,9,,,,,,,,,,,,,,clim_raw,raw
Tole,1.1037848606809262,1.0917072285389313,0.40816326530612246,7,,,,,,,,,,,,,,clim_raw,raw
Tsagbeji,0.3062914727044762,0.22358840515574077,0.958125,20,,,,,,,,,,,,,,clim_raw,raw
Tulefa town,0.3963478571895716,0.2435105200338373,0.9270833333333334,12,,,,,,,,,,,,,,clim_raw,raw
Wadla,0.36324523826511507,0.2796929732219165,0.945983379501385,19,,,,,,,,,,,,,,clim_raw,raw
Waliso,0.6942211658288345,0.4353087838651842,0.8673469387755102,7,,,,,,,,,,,,,,clim_raw,raw
Wara Jarso,0.9853360469072301,0.7439218601326876,0.5740740740740741,9,,,,,,,,,,,,,,clim_raw,raw
Wegde,0.5221802581898871,0.46541005634739807,0.8372781065088757,13,,,,,,,,,,,,,,clim_raw,raw
Wegeda town,0.39161486916091065,0.25222339078628625,0.9718934911242604,13,,,,,,,,,,,,,,clim_raw,raw
Wegedi town,0.6757873446248699,0.653624647219777,0.8210059171597633,13,,,,,,,,,,,,,,clim_raw,raw
Wegel tena town,0.2492068762726774,0.14274975955824273,0.9870242214532872,17,,,,,,,,,,,,,,clim_raw,raw
Wegera,0.4696680636486201,0.3566336155476909,0.9526627218934911,13,,,,,,,,,,,,,,clim_raw,raw
Welmera,0.7239689316743918,0.524772269858452,0.7160493827160493,9,,,,,,,,,,,,,,clim_raw,raw
Wemberma,0.8166084164161161,0.8346312284829561,0.609504132231405,11,,,,,,,,,,,,,,clim_raw,raw
Wenchi,0.778879126566612,0.609652253770618,0.7602040816326531,7,,,,,,,,,,,,,,clim_raw,raw
Were Ilu,0.6408876028098761,0.6582952511063658,0.7818877551020408,14,,,,,,,,,,,,,,clim_raw,raw
Wereilu town,0.6760805123080305,0.6744977900124244,0.7869897959183674,14,,,,,,,,,,,,,,clim_raw,raw
West Belesa,0.47251057136221725,0.38084765581550784,0.915680473372781,13,,,,,,,,,,,,,,clim_raw,raw
West Dembiya,0.5807871208484472,0.40497610075516327,0.845679012345679,9,,,,,,,,,,,,,,clim_raw,raw
Woldiya town,0.45131238064680884,0.3755140116512751,0.895124716553288,21,,,,,,,,,,,,,,clim_raw,raw
Woliso town,0.6823070087874628,0.42051923864374846,0.8724489795918368,7,,,,,,,,,,,,,,clim_raw,raw
Wondo,0.3030747769394073,0.4854158847974649,1.0,23,,,,,,,,,,,,,,clim_raw,raw
Worebabu,0.46572139088437725,0.3933623233777253,0.8888888888888888,21,,,,,,,,,,,,,,clim_raw,raw
Woreta town,0.4021607547728841,0.27501077465951307,0.9600591715976331,13,,,,,,,,,,,,,,clim_raw,raw
Wuchale,0.43661010440939274,0.2811438443167033,0.9038461538461539,13,,,,,,,,,,,,,,clim_raw,raw
Yaya Gulele,0.3839800357272463,0.23072369766252682,0.9659763313609467,13,,,,,,,,,,,,,,clim_raw,raw
Zequala,0.46597337812819883,0.48066013420393894,0.9,15,,,,,,,,,,,,,,clim_raw,raw
Ziway Dugda,0.4189328035381288,0.39382628395332003,0.9425207756232687,19,,,,,,,,,,,,,,clim_raw,raw
ALL,0.5458346131419493,0.47233020864421144,0.8387560573482588,4246,,,0.4730923221855865,0.08940100892693524,0.10400735678543217,0.12120180494406457,0.10325914567279512,0.12796529681272215,0.883393556483545,0.7915859317601288,0.6728447922130285,0.633839247311828,0.9120415432183302,clim_raw,raw
Abergele (AM),0.3442823529411765,0.23887058823529414,0.9282006920415224,17,,,,,,,,,,,,,,ngcm_clim_mok_date_raw,raw
Abichugna Gne'a,0.41230769230769226,0.3083076923076922,0.9127218934911243,13,,,,,,,,,,,,,,ngcm_clim_mok_date_raw,raw
Abuna Ginde Beret,1.1061333333333334,0.8357333333333333,0.6373456790123457,9,,,,,,,,,,,,,,ngcm_clim_mok_date_raw,raw
Ada'a,0.45417142857142856,0.27508571428571427,0.9068877551020408,14,,,,,,,,,,,,,,ngcm_clim_mok_date_raw,raw
Adaba,0.8974769230769231,1.1833846153846155,0.8054733727810651,13,,,,,,,,,,,,,,ngcm_clim_mok_date_raw,raw
Adama,0.5389714285714284,0.4278857142857143,0.8616071428571429,14,,,,,,,,,,,,,,ngcm_clim_mok_date_raw,raw
Adama Tulu Jido Kombolcha,0.978742857142857,1.167542857142857,0.6804846938775511,14,,,,,,,,,,,,,,ngcm_clim_mok_date_raw,raw
Adama town,0.39637333333333324,0.21098666666666668,0.9277777777777778,15,,,,,,,,,,,,,,ngcm_clim_mok_date_raw,raw
Adda Berga,1.024,1.1616,0.6234567901234568,9,,,,,,,,,,,,,,ngcm_clim_mok_date_raw,raw
Addi Arekay,1.09536,1.0416,0.6225,10,,,,,,,,,,,,,,ngcm_clim_mok_date_raw,raw
Adiss Zemen town,0.32516923076923077,0.18781538461538466,0.9504437869822485,13,,,,,,,,,,,,,,ngcm_clim_mok_date_raw,raw
Agarfa,0.5898,0.5791,0.85693359375,16,,,,,,,,,,,,,,ngcm_clim_mok_date_raw,raw
Akaki,1.2284444444444444,1.2638222222222222,0.5679012345679012,9,,,,,,,,,,,,,,ngcm_clim_mok_date_raw,raw
Akeseta town,0.41230769230769226,0.3083076923076922,0.9127218934911243,13,,,,,,,,,,,,,,ngcm_clim_mok_date_raw,raw
Albuko,0.48274285714285714,0.32651428571428565,0.8813775510204082,14,,,,,,,,,,,,,,ngcm_clim_mok_date_raw,raw
Alefa,0.9987555555555555,0.8191999999999999,0.7253086419753086,9,,,,,,,,,,,,,,ngcm_clim_mok_date_raw,raw
Aleltu,0.38586666666666664,0.2764,0.9227430555555556,12,,,,,,,,,,,,,,ngcm_clim_mok_date_raw,raw
Aleme Ketma town,0.41230769230769226,0.3083076923076922,0.9127218934911243,13,,,,,,,,,,,,,,ngcm_clim_mok_date_raw,raw
Amanuel town,0.5558400000000001,0.24192000000000005,0.87125,10,,,,,,,,,,,,,,ngcm_clim_mok_date_raw,raw
Amba Giorgis town,0.32516923076923077,0.18781538461538466,0.9504437869822485,13,,,,,,,,,,,,,,ngcm_clim_mok_date_raw,raw
Ambasel,0.5049600000000001,0.44309333333333334,0.8866666666666667,15,,,,,,,,,,,,,,ngcm_clim_mok_date_raw,raw
Ambo Zuria,0.5247999999999999,0.32977777777777784,0.8888888888888888,9,,,,,,,,,,,,,,ngcm_clim_mok_date_raw,raw
Ambo town,0.4732444444444445,0.27662222222222227,0.9012345679012346,9,,,,,,,,,,,,,,ngcm_clim_mok_date_raw,raw
Ameya,0.4759272727272727,0.2197818181818182,0.9132231404958677,11,,,,,,,,,,,,,,ngcm_clim_mok_date_raw,raw
Amigna,0.5918222222222222,0.6385777777777777,0.8630401234567902,18,,,,,,,,,,,,,,ngcm_clim_mok_date_raw,raw
Andabet /West Esite,0.2929230769230769,0.13735384615384613,0.9556213017751479,13,,,,,,,,,,,,,,ngcm_clim_mok_date_raw,raw
Aneded,0.4198400000000001,0.19392,0.9275,10,,,,,,,,,,,,,,ngcm_clim_mok_date_raw,raw
Angolelana Tera,0.41230769230769226,0.3083076923076922,0.9127218934911243,13,,,,,,,,,,,,,,ngcm_clim_mok_date_raw,raw
Angot,0.2922105263157895,0.16075789473684213,0.9525623268698061,19,,,,,,,,,,,,,,ngcm_clim_mok_date_raw,raw
Ankober,0.43131428571428565,0.2122285714285714,0.9056122448979592,14,,,,,,,,,,,,,,ngcm_clim_mok_date_raw,raw
Antsokiya,0.4370285714285714,0.32937142857142854,0.9049744897959183,14,,,,,,,,,,,,,,ngcm_clim_mok_date_raw,raw
Arerti town,0.39125333333333323,0.20938666666666667,0.9305555555555556,15,,,,,,,,,,,,,,ngcm_clim_mok_date_raw,raw
Argoba,0.48274285714285714,0.32651428571428565,0.8813775510204082,14,,,,,,,,,,,,,,ngcm_clim_mok_date_raw,raw
Arsi Negele,1.6110222222222221,1.756622222222222,0.5462962962962963,9,,,,,,,,,,,,,,ngcm_clim_mok_date_raw,raw
Arsi Negele town,1.3887999999999998,1.6455111111111111,0.6419753086419753,9,,,,,,,,,,,,,,ngcm_clim_mok_date_raw,raw
Aseko,0.9398260869565216,1.5705739130434784,0.6198015122873346,23,,,,,,,,,,,,,,ngcm_clim_mok_date_raw,raw
Asela town,0.9134933333333333,0.9985066666666665,0.6855555555555556,15,,,,,,,,,,,,,,ngcm_clim_mok_date_raw,raw
Assagirt,0.4370285714285714,0.24365714285714285,0.9017857142857143,14,,,,,,,,,,,,,,ngcm_clim_mok_date_raw,raw
Ataye town,0.3965866666666666,0.23605333333333336,0.9233333333333333,15,,,,,,,,,,,,,,ngcm_clim_mok_date_raw,raw
Awabel,0.8748799999999999,0.74848,0.73875,10,,,,,,,,,,,,,,ngcm_clim_mok_date_raw,raw
Aykel town,0.6876444444444444,0.5658666666666667,0.8256172839506173,9,,,,,,,,,,,,,,ngcm_clim_mok_date_raw,raw
Bako Tibe,1.6376,2.4423999999999997,0.25,4,,,,,,,,,,,,,,ngcm_clim_mok_date_raw,raw
Baso Liben,0.4198400000000001,0.19392,0.9275,10,,,,,,,,,,,,,,ngcm_clim_mok_date_raw,raw
Basona Worena,0.41230769230769226,0.3083076923076922,0.9127218934911243,13,,,,,,,,,,,,,,ngcm_clim_mok_date_raw,raw
Batu town,0.5436631578947368,0.6669473684210526,0.896814404432133,19,,,,,,,,,,,,,,ngcm_clim_mok_date_raw,raw
Bechena town,0.41230769230769226,0.3083076923076922,0.9127218934911243,13,,,,,,,,,,,,,,ngcm_clim_mok_date_raw,raw
Becho (SW Shewa),1.8738285714285714,2.3421714285714286,0.26785714285714285,7,,,,,,,,,,,,,,ngcm_clim_mok_date_raw,raw
Bedesa town,1.2284444444444444,1.2638222222222222,0.5679012345679012,9,,,,,,,,,,,,,,ngcm_clim_mok_date_raw,raw
Bele Gesgar,0.6998,0.7315999999999999,0.82177734375,16,,,,,,,,,,,,,,ngcm_clim_mok_date_raw,raw
Bereh,1.2284444444444444,1.2638222222222222,0.5679012345679012,9,,,,,,,,,,,,,,ngcm_clim_mok_date_raw,raw
Berehet,0.40725333333333325,0.19072000000000003,0.9166666666666666,15,,,,,,,,,,,,,,ngcm_clim_mok_date_raw,raw
Beyeda,0.8152615384615383,0.9824,0.7751479289940828,13,,,,,,,,,,,,,,ngcm_clim_mok_date_raw,raw
Bibugn,0.4759272727272727,0.2197818181818182,0.9132231404958677,11,,,,,,,,,,,,,,ngcm_clim_mok_date_raw,raw
Bishoftu town,1.2284444444444444,1.2638222222222222,0.5679012345679012,9,,,,,,,,,,,,,,ngcm_clim_mok_date_raw,raw
Bokoji town,1.0013333333333334,1.1577333333333333,0.7717013888888888,12,,,,,,,,,,,,,,ngcm_clim_mok_date_raw,raw
Bora (OR),0.7734857142857142,0.7124571428571429,0.75,14,,,,,,,,,,,,,,ngcm_clim_mok_date_raw,raw
Borena /Debresina,0.41230769230769226,0.3083076923076922,0.9127218934911243,13,,,,,,,,,,,,,,ngcm_clim_mok_date_raw,raw
Boset,0.39125333333333323,0.20938666666666667,0.9305555555555556,15,,,,,,,,,,,,,,ngcm_clim_mok_date_raw,raw
Bugna,0.8523428571428571,1.082857142857143,0.7238520408163265,14,,,,,,,,,,,,,,ngcm_clim_mok_date_raw,raw
Burayu,1.2284444444444444,1.2638222222222222,0.5679012345679012,9,,,,,,,,,,,,,,ngcm_clim_mok_date_raw,raw
Bure (AM),0.5558400000000001,0.24192000000000005,0.87125,10,,,,,,,,,,,,,,ngcm_clim_mok_date_raw,raw
Bure town,0.4759272727272727,0.2197818181818182,0.9132231404958677,11,,,,,,,,,,,,,,ngcm_clim_mok_date_raw,raw
Burqua Dhintu,0.0,0.0,1.0,23,,,,,,,,,,,,,,ngcm_clim_mok_date_raw,raw
Chancho town,1.2284444444444444,1.2638222222222222,0.5679012345679012,9,,,,,,,,,,,,,,ngcm_clim_mok_date_raw,raw
Cheliya,1.5445333333333335,1.6226666666666667,0.1875,6,,,,,,,,,,,,,,ngcm_clim_mok_date_raw,raw
Chilga 1,0.6876444444444444,0.5658666666666667,0.8256172839506173,9,,,,,,,,,,,,,,ngcm_clim_mok_date_raw,raw
Chilga 2,0.6876444444444444,0.5658666666666667,0.8256172839506173,9,,,,,,,,,,,,,,ngcm_clim_mok_date_raw,raw
Chiro Zuria,0.88512,0.9341866666666668,0.8305555555555556,15,,,,,,,,,,,,,,ngcm_clim_mok_date_raw,raw
Chiro town,1.547022222222222,1.8801777777777775,0.5061728395061729,9,,,,,,,,,,,,,,ngcm_clim_mok_date_raw,raw
Chole,0.5898,0.5791,0.85693359375,16,,,,,,,,,,,,,,ngcm_clim_mok_date_raw,raw
Cobi,1.5696,1.716,0.1875,6,,,,,,,,,,,,,,ngcm_clim_mok_date_raw,raw
Dabat,0.8565333333333334,0.6503111111111112,0.7654320987654321,9,,,,,,,,,,,,,,ngcm_clim_mok_date_raw,raw
Dabat town,0.8565333333333334,0.6503111111111112,0.7654320987654321,9,,,,,,,,,,,,,,ngcm_clim_mok_date_raw,raw
Dano,1.5445333333333335,1.6226666666666667,0.1875,6,,,,,,,,,,,,,,ngcm_clim_mok_date_raw,raw
Dawo,1.8738285714285714,2.3421714285714286,0.26785714285714285,7,,,,,,,,,,,,,,ngcm_clim_mok_date_raw,raw
Dawunt,0.7094857142857142,0.7485714285714286,0.7621173469387755,14,,,,,,,,,,,,,,ngcm_clim_mok_date_raw,raw
Debark,1.0019555555555555,0.8282666666666666,0.7052469135802469,9,,,,,,,,,,,,,,ngcm_clim_mok_date_raw,raw
Debark town,0.6876444444444444,0.5658666666666667,0.8256172839506173,9,,,,,,,,,,,,,,ngcm_clim_mok_date_raw,raw
Debay Telatgen,0.23852307692307695,0.12603076923076922,0.9689349112426036,13,,,,,,,,,,,,,,ngcm_clim_mok_date_raw,raw
Debre Berhan town,0.41230769230769226,0.3083076923076922,0.9127218934911243,13,,,,,,,,,,,,,,ngcm_clim_mok_date_raw,raw
Debre Elias,0.5558400000000001,0.24192000000000005,0.87125,10,,,,,,,,,,,,,,ngcm_clim_mok_date_raw,raw
Debre Libanos,0.41230769230769226,0.3083076923076922,0.9127218934911243,13,,,,,,,,,,,,,,ngcm_clim_mok_date_raw,raw
Debre Markos town,0.4198400000000001,0.19392,0.9275,10,,,,,,,,,,,,,,ngcm_clim_mok_date_raw,raw
Debre Sina town,0.41230769230769226,0.3083076923076922,0.9127218934911243,13,,,,,,,,,,,,,,ngcm_clim_mok_date_raw,raw
Debre Tabor town,0.7953230769230768,0.9401846153846153,0.7736686390532544,13,,,,,,,,,,,,,,ngcm_clim_mok_date_raw,raw
Debrework town,0.41230769230769226,0.3083076923076922,0.9127218934911243,13,,,,,,,,,,,,,,ngcm_clim_mok_date_raw,raw
Dega Damot,0.4732444444444445,0.27662222222222227,0.9012345679012346,9,,,,,,,,,,,,,,ngcm_clim_mok_date_raw,raw
Degeluna Tijo,1.3887999999999998,1.6455111111111111,0.6419753086419753,9,,,,,,,,,,,,,,ngcm_clim_mok_date_raw,raw
Degem,1.2284444444444444,1.2638222222222222,0.5679012345679012,9,,,,,,,,,,,,,,ngcm_clim_mok_date_raw,raw
Degolo town,0.41230769230769226,0.3083076923076922,0.9127218934911243,13,,,,,,,,,,,,,,ngcm_clim_mok_date_raw,raw
Dehana,0.8523428571428571,1.082857142857143,0.7238520408163265,14,,,,,,,,,,,,,,ngcm_clim_mok_date_raw,raw
Dejen,0.41230769230769226,0.3083076923076922,0.9127218934911243,13,,,,,,,,,,,,,,ngcm_clim_mok_date_raw,raw
Dejen town,0.41230769230769226,0.3083076923076922,0.9127218934911243,13,,,,,,,,,,,,,,ngcm_clim_mok_date_raw,raw
Delanta,0.2922105263157895,0.16075789473684213,0.9525623268698061,19,,,,,,,,,,,,,,ngcm_clim_mok_date_raw,raw
Dembecha,0.5558400000000001,0.24192000000000005,0.87125,10,,,,,,,,,,,,,,ngcm_clim_mok_date_raw,raw
Denbecha town,0.5558400000000001,0.24192000000000005,0.87125,10,,,,,,,,,,,,,,ngcm_clim_mok_date_raw,raw
Dendi,0.96864,0.8390400000000001,0.65125,10,,,,,,,,,,,,,,ngcm_clim_mok_date_raw,raw
Dera (AM),0.32516923076923077,0.18781538461538466,0.9504437869822485,13,,,,,,,,,,,,,,ngcm_clim_mok_date_raw,raw
Dera (OR),0.41230769230769226,0.3083076923076922,0.9127218934911243,13,,,,,,,,,,,,,,ngcm_clim_mok_date_raw,raw
Dera town,0.8530285714285714,1.053257142857143,0.7410714285714286,14,,,,,,,,,,,,,,ngcm_clim_mok_date_raw,raw
Dessie Zuria,0.48182857142857155,0.35725714285714283,0.8781887755102041,14,,,,,,,,,,,,,,ngcm_clim_mok_date_raw,raw
Dessie town,0.46592,0.2609066666666667,0.8955555555555555,15,,,,,,,,,,,,,,ngcm_clim_mok_date_raw,raw
Diksis,0.9134933333333333,0.94784,0.6855555555555556,15,,,,,,,,,,,,,,ngcm_clim_mok_date_raw,raw
Dinsho,0.5478736842105264,0.6227368421052631,0.8864265927977839,19,,,,,,,,,,,,,,ngcm_clim_mok_date_raw,raw
Doba,1.0510933333333332,1.1895466666666665,0.6988888888888889,15,,,,,,,,,,,,,,ngcm_clim_mok_date_raw,raw
Dodola,1.3887999999999998,1.6455111111111111,0.6419753086419753,9,,,,,,,,,,,,,,ngcm_clim_mok_date_raw,raw
Dodola town,0.4678736842105263,0.47957894736842105,0.9155124653739612,19,,,,,,,,,,,,,,ngcm_clim_mok_date_raw,raw
Dodota,0.571,0.5599999999999999,0.84521484375,16,,,,,,,,,,,,,,ngcm_clim_mok_date_raw,raw
Dugda,0.5418105263157894,0.6586947368421052,0.8933518005540166,19,,,,,,,,,,,,,,ngcm_clim_mok_date_raw,raw
East Belesa,0.8044307692307692,0.962830769230769,0.7781065088757396,13,,,,,,,,,,,,,,ngcm_clim_mok_date_raw,raw
East Dembia,0.8565333333333334,0.6503111111111112,0.7654320987654321,9,,,,,,,,,,,,,,ngcm_clim_mok_date_raw,raw
East Esite,0.7485538461538462,0.8605538461538462,0.8195266272189349,13,,,,,,,,,,,,,,ngcm_clim_mok_date_raw,raw
Ebenat,0.8063999999999999,0.9694769230769231,0.7781065088757396,13,,,,,,,,,,,,,,ngcm_clim_mok_date_raw,raw
Ebenat town,0.8152615384615383,0.9824,0.7751479289940828,13,,,,,,,,,,,,,,ngcm_clim_mok_date_raw,raw
Eferatana Gidem,0.4370285714285714,0.32937142857142854,0.9049744897959183,14,,,,,,,,,,,,,,ngcm_clim_mok_date_raw,raw
Ejere /Addis Alem,1.0399999999999998,1.0544,0.5675,10,,,,,,,,,,,,,,ngcm_clim_mok_date_raw,raw
Ejersa Lafo,1.016,0.8864000000000001,0.59375,10,,,,,,,,,,,,,,ngcm_clim_mok_date_raw,raw
Eka Tafo,1.2284444444444444,1.2638222222222222,0.5679012345679012,9,,,,,,,,,,,,,,ngcm_clim_mok_date_raw,raw
Enarj Enawga,0.39803076923076924,0.2919384615384616,0.9149408284023669,13,,,,,,,,,,,,,,ngcm_clim_mok_date_raw,raw
Enebse Sarmder,0.41230769230769226,0.3083076923076922,0.9127218934911243,13,,,,,,,,,,,,,,ngcm_clim_mok_date_raw,raw
Enemay,0.41230769230769226,0.3083076923076922,0.9127218934911243,13,,,,,,,,,,,,,,ngcm_clim_mok_date_raw,raw
Enewari town,0.41230769230769226,0.3083076923076922,0.9127218934911243,13,,,,,,,,,,,,,,ngcm_clim_mok_date_raw,raw
Ensaro,0.41230769230769226,0.3083076923076922,0.9127218934911243,13,,,,,,,,,,,,,,ngcm_clim_mok_date_raw,raw
Farta,0.6203076923076923,0.6283076923076922,0.8572485207100592,13,,,,,,,,,,,,,,ngcm_clim_mok_date_raw,raw
Fentale,0.39125333333333323,0.20938666666666667,0.9305555555555556,15,,,,,,,,,,,,,,ngcm_clim_mok_date_raw,raw
Fiche town,0.41230769230769226,0.3083076923076922,0.9127218934911243,13,,,,,,,,,,,,,,ngcm_clim_mok_date_raw,raw
Filakit town,0.2922105263157895,0.16075789473684213,0.9525623268698061,19,,,,,,,,,,,,,,ngcm_clim_mok_date_raw,raw
Finote Selam town,0.5558400000000001,0.24192000000000005,0.87125,10,,,,,,,,,,,,,,ngcm_clim_mok_date_raw,raw
Fogera,0.32418461538461535,0.18523076923076925,0.9504437869822485,13,,,,,,,,,,,,,,ngcm_clim_mok_date_raw,raw
Furi,1.2284444444444444,1.2638222222222222,0.5679012345679012,9,,,,,,,,,,,,,,ngcm_clim_mok_date_raw,raw
Galan,1.2284444444444444,1.2638222222222222,0.5679012345679012,9,,,,,,,,,,,,,,ngcm_clim_mok_date_raw,raw
Galan Gudo,1.2284444444444444,1.2638222222222222,0.5679012345679012,9,,,,,,,,,,,,,,ngcm_clim_mok_date_raw,raw
Garba Guracha,0.41230769230769226,0.3083076923076922,0.9127218934911243,13,,,,,,,,,,,,,,ngcm_clim_mok_date_raw,raw
Gasera,0.6998,0.7315999999999999,0.82177734375,16,,,,,,,,,,,,,,ngcm_clim_mok_date_raw,raw
Gashena town,0.3612952380952381,0.2660571428571428,0.9365079365079365,21,,,,,,,,,,,,,,ngcm_clim_mok_date_raw,raw
Gaz Gibla,0.2922105263157895,0.16075789473684213,0.9525623268698061,19,,,,,,,,,,,,,,ngcm_clim_mok_date_raw,raw
Gazo,0.32195555555555555,0.18435555555555558,0.9290123456790124,18,,,,,,,,,,,,,,ngcm_clim_mok_date_raw,raw
Gedeb Asasa,0.8974769230769231,1.1833846153846155,0.8054733727810651,13,,,,,,,,,,,,,,ngcm_clim_mok_date_raw,raw
Gefersa Guje,1.2284444444444444,1.2638222222222222,0.5679012345679012,9,,,,,,,,,,,,,,ngcm_clim_mok_date_raw,raw
Gerar Jarso,0.41230769230769226,0.3083076923076922,0.9127218934911243,13,,,,,,,,,,,,,,ngcm_clim_mok_date_raw,raw
Gidan,0.2922105263157895,0.16075789473684213,0.9525623268698061,19,,,,,,,,,,,,,,ngcm_clim_mok_date_raw,raw
Gimbichu,0.4370285714285714,0.32937142857142854,0.9049744897959183,14,,,,,,,,,,,,,,ngcm_clim_mok_date_raw,raw
Gimeba town,0.48274285714285714,0.32651428571428565,0.8813775510204082,14,,,,,,,,,,,,,,ngcm_clim_mok_date_raw,raw
Ginde Beret,1.5445333333333335,1.6226666666666667,0.1875,6,,,,,,,,,,,,,,ngcm_clim_mok_date_raw,raw
Ginir,0.005008695652173913,0.007165217391304348,1.0,23,,,,,,,,,,,,,,ngcm_clim_mok_date_raw,raw
Gishe Rabel,0.4370285714285714,0.32937142857142854,0.9049744897959183,14,,,,,,,,,,,,,,ngcm_clim_mok_date_raw,raw
Goba (OR),0.04939130434782609,0.08013913043478263,1.0,23,,,,,,,,,,,,,,ngcm_clim_mok_date_raw,raw
Goba Koricha,0.39125333333333323,0.20938666666666667,0.9305555555555556,15,,,,,,,,,,,,,,ngcm_clim_mok_date_raw,raw
Goba town,0.4141090909090909,0.46181818181818185,0.9054752066115702,22,,,,,,,,,,,,,,ngcm_clim_mok_date_raw,raw
Golocha,0.5943999999999999,0.5831,0.84423828125,16,,,,,,,,,,,,,,ngcm_clim_mok_date_raw,raw
Gololcha Bale,0.023373913043478255,0.04020869565217391,1.0,23,,,,,,,,,,,,,,ngcm_clim_mok_date_raw,raw
Goncha Siso Enebse,0.41230769230769226,0.3083076923076922,0.9127218934911243,13,,,,,,,,,,,,,,ngcm_clim_mok_date_raw,raw
Gondar town,0.8565333333333334,0.6503111111111112,0.7654320987654321,9,,,,,,,,,,,,,,ngcm_clim_mok_date_raw,raw
Gonder Zuria,0.8565333333333334,0.6503111111111112,0.7654320987654321,9,,,,,,,,,,,,,,ngcm_clim_mok_date_raw,raw
Goro (Bale),0.04939130434782609,0.08013913043478263,1.0,23,,,,,,,,,,,,,,ngcm_clim_mok_date_raw,raw
Goro (SW Shewa),0.44639999999999996,0.19920000000000002,0.9149305555555556,12,,,,,,,,,,,,,,ngcm_clim_mok_date_raw,raw
Guba Lafto,0.3574857142857143,0.2336761904761905,0.9410430839002267,21,,,,,,,,,,,,,,ngcm_clim_mok_date_raw,raw
Gumbi Bordede,0.39125333333333323,0.20938666666666667,0.9305555555555556,15,,,,,,,,,,,,,,ngcm_clim_mok_date_raw,raw
Guna,0.4084,0.3142,0.89697265625,16,,,,,,,,,,,,,,ngcm_clim_mok_date_raw,raw
Guna Begemider,0.8152615384615383,0.9824,0.7751479289940828,13,,,,,,,,,,,,,,ngcm_clim_mok_date_raw,raw
Gundwoin town,0.41230769230769226,0.3083076923076922,0.9127218934911243,13,,,,,,,,,,,,,,ngcm_clim_mok_date_raw,raw
Guzamn,0.4198400000000001,0.19392,0.9275,10,,,,,,,,,,,,,,ngcm_clim_mok_date_raw,raw
Habro,0.39125333333333323,0.20938666666666667,0.9305555555555556,15,,,,,,,,,,,,,,ngcm_clim_mok_date_raw,raw
Habru,0.7152,0.7000000000000001,0.7570153061224489,14,,,,,,,,,,,,,,ngcm_clim_mok_date_raw,raw
Hagere Mariam,0.38586666666666664,0.2764,0.9227430555555556,12,,,,,,,,,,,,,,ngcm_clim_mok_date_raw,raw
Hamusit town,0.32516923076923077,0.18781538461538466,0.9504437869822485,13,,,,,,,,,,,,,,ngcm_clim_mok_date_raw,raw
Hara town,0.3574857142857143,0.2336761904761905,0.9410430839002267,21,,,,,,,,,,,,,,ngcm_clim_mok_date_raw,raw
Harbu town,0.40725333333333325,0.19072000000000003,0.9166666666666666,15,,,,,,,,,,,,,,ngcm_clim_mok_date_raw,raw
Hawi Gudina,0.007095652173913044,0.010991304347826088,1.0,23,,,,,,,,,,,,,,ngcm_clim_mok_date_raw,raw
Heban Arsi,1.3887999999999998,1.6455111111111111,0.6419753086419753,9,,,,,,,,,,,,,,ngcm_clim_mok_date_raw,raw
Hidabu Abote,1.2284444444444444,1.2638222222222222,0.5679012345679012,9,,,,,,,,,,,,,,ngcm_clim_mok_date_raw,raw
Hike town,0.6596266666666666,0.5497599999999999,0.8161111111111111,15,,,,,,,,,,,,,,ngcm_clim_mok_date_raw,raw
Hitosa,0.9134933333333333,0.94784,0.6855555555555556,15,,,,,,,,,,,,,,ngcm_clim_mok_date_raw,raw
Holeta town,0.41230769230769226,0.3083076923076922,0.9127218934911243,13,,,,,,,,,,,,,,ngcm_clim_mok_date_raw,raw
Hulet Ej Enese,0.432,0.30646153846153845,0.9119822485207101,13,,,,,,,,,,,,,,ngcm_clim_mok_date_raw,raw
Ifata,0.64,0.31167999999999996,0.8475,10,,,,,,,,,,,,,,ngcm_clim_mok_date_raw,raw
Illu Galan,1.5445333333333335,1.6226666666666667,0.1875,6,,,,,,,,,,,,,,ngcm_clim_mok_date_raw,raw
Ilu,0.38586666666666664,0.2764,0.9227430555555556,12,,,,,,,,,,,,,,ngcm_clim_mok_date_raw,raw
Inkolo Wabe,0.6998,0.7315999999999999,0.82177734375,16,,,,,,,,,,,,,,ngcm_clim_mok_date_raw,raw
Jabi Tehnan,0.5558400000000001,0.24192000000000005,0.87125,10,,,,,,,,,,,,,,ngcm_clim_mok_date_raw,raw
Jama,0.41230769230769226,0.3083076923076922,0.9127218934911243,13,,,,,,,,,,,,,,ngcm_clim_mok_date_raw,raw
Janamora,0.8152615384615383,0.9824,0.7751479289940828,13,,,,,,,,,,,,,,ngcm_clim_mok_date_raw,raw
Jeju,0.377,0.2792,0.88232421875,16,,,,,,,,,,,,,,ngcm_clim_mok_date_raw,raw
Jeldu,1.0108444444444444,1.1418666666666666,0.6296296296296297,9,,,,,,,,,,,,,,ngcm_clim_mok_date_raw,raw
Jibat,1.5445333333333335,1.6226666666666667,0.1875,6,,,,,,,,,,,,,,ngcm_clim_mok_date_raw,raw
Jida,0.41230769230769226,0.3083076923076922,0.9127218934911243,13,,,,,,,,,,,,,,ngcm_clim_mok_date_raw,raw
Jiga town,0.4732444444444445,0.27662222222222227,0.9012345679012346,9,,,,,,,,,,,,,,ngcm_clim_mok_date_raw,raw
Kalu,0.46272,0.2330666666666667,0.8977777777777778,15,,,,,,,,,,,,,,ngcm_clim_mok_date_raw,raw
Kelala town,0.41230769230769226,0.3083076923076922,0.9127218934911243,13,,,,,,,,,,,,,,ngcm_clim_mok_date_raw,raw
Kelela,0.41230769230769226,0.3083076923076922,0.9127218934911243,13,,,,,,,,,,,,,,ngcm_clim_mok_date_raw,raw
Kersana Malima,0.4120615384615384,0.31015384615384617,0.9119822485207101,13,,,,,,,,,,,,,,ngcm_clim_mok_date_raw,raw
Kewet,0.41230769230769226,0.3083076923076922,0.9127218934911243,13,,,,,,,,,,,,,,ngcm_clim_mok_date_raw,raw
Kimbibit,0.38586666666666664,0.2764,0.9227430555555556,12,,,,,,,,,,,,,,ngcm_clim_mok_date_raw,raw
Kinfaz Begela,0.6604307692307692,0.7132307692307692,0.8224852071005917,13,,,,,,,,,,,,,,ngcm_clim_mok_date_raw,raw
Kobo town,0.2922105263157895,0.16075789473684213,0.9525623268698061,19,,,,,,,,,,,,,,ngcm_clim_mok_date_raw,raw
Kofele,1.3887999999999998,1.6455111111111111,0.6419753086419753,9,,,,,,,,,,,,,,ngcm_clim_mok_date_raw,raw
Kofele town,0.04939130434782609,0.08013913043478263,1.0,23,,,,,,,,,,,,,,ngcm_clim_mok_date_raw,raw
Kokosa,1.3887999999999998,1.6455111111111111,0.6419753086419753,9,,,,,,,,,,,,,,ngcm_clim_mok_date_raw,raw
Kolla Debba town,0.8565333333333334,0.6503111111111112,0.7654320987654321,9,,,,,,,,,,,,,,ngcm_clim_mok_date_raw,raw
Kombolcha town,0.4110933333333333,0.1914666666666667,0.9144444444444444,15,,,,,,,,,,,,,,ngcm_clim_mok_date_raw,raw
Kore,1.3887999999999998,1.6455111111111111,0.6419753086419753,9,,,,,,,,,,,,,,ngcm_clim_mok_date_raw,raw
Koye,1.2284444444444444,1.2638222222222222,0.5679012345679012,9,,,,,,,,,,,,,,ngcm_clim_mok_date_raw,raw
Kura Jida,1.2284444444444444,1.2638222222222222,0.5679012345679012,9,,,,,,,,,,,,,,ngcm_clim_mok_date_raw,raw
Kutaber,0.66432,0.5956266666666666,0.8077777777777778,15,,,,,,,,,,,,,,ngcm_clim_mok_date_raw,raw
Kuyu,1.0399999999999998,1.0544,0.5675,10,,,,,,,,,,,,,,ngcm_clim_mok_date_raw,raw
Lalibela town,0.2922105263157895,0.16075789473684213,0.9525623268698061,19,,,,,,,,,,,,,,ngcm_clim_mok_date_raw,raw
Lasta,0.2922105263157895,0.16075789473684213,0.9525623268698061,19,,,,,,,,,,,,,,ngcm_clim_mok_date_raw,raw
Lay Armacho,0.9987555555555555,0.8191999999999999,0.7253086419753086,9,,,,,,,,,,,,,,ngcm_clim_mok_date_raw,raw
Lay Gayint,0.8152615384615383,0.9824,0.7751479289940828,13,,,,,,,,,,,,,,ngcm_clim_mok_date_raw,raw
Legambo,0.41230769230769226,0.3083076923076922,0.9127218934911243,13,,,,,,,,,,,,,,ngcm_clim_mok_date_raw,raw
Legehida,0.41230769230769226,0.3083076923076922,0.9127218934911243,13,,,,,,,,,,,,,,ngcm_clim_mok_date_raw,raw
Liban Jawi,1.530514285714286,1.558857142857143,0.16071428571428573,7,,,,,,,,,,,,,,ngcm_clim_mok_date_raw,raw
Liben Chukala,0.45417142857142856,0.27508571428571427,0.9068877551020408,14,,,,,,,,,,,,,,ngcm_clim_mok_date_raw,raw
Libokemekem,0.32516923076923077,0.18781538461538466,0.9504437869822485,13,,,,,,,,,,,,,,ngcm_clim_mok_date_raw,raw
Limu Bilbilo,0.828,0.9977333333333332,0.8559027777777778,12,,,,,,,,,,,,,,ngcm_clim_mok_date_raw,raw
Lome (OR),0.45417142857142856,0.27508571428571427,0.9068877551020408,14,,,,,,,,,,,,,,ngcm_clim_mok_date_raw,raw
Lude Hitosa,0.9134933333333333,0.94784,0.6855555555555556,15,,,,,,,,,,,,,,ngcm_clim_mok_date_raw,raw
Lumame town,0.4198400000000001,0.19392,0.9275,10,,,,,,,,,,,,,,ngcm_clim_mok_date_raw,raw
Mana Abichu,1.2284444444444444,1.2638222222222222,0.5679012345679012,9,,,,,,,,,,,,,,ngcm_clim_mok_date_raw,raw
Masero Denb /Central Armacho,0.9987555555555555,0.8191999999999999,0.7253086419753086,9,,,,,,,,,,,,,,ngcm_clim_mok_date_raw,raw
Mehal Meda town,0.41230769230769226,0.3083076923076922,0.9127218934911243,13,,,,,,,,,,,,,,ngcm_clim_mok_date_raw,raw
Mehal Sayint,0.41230769230769226,0.3083076923076922,0.9127218934911243,13,,,,,,,,,,,,,,ngcm_clim_mok_date_raw,raw
Mekan Eyesuse,0.8152615384615383,0.9824,0.7751479289940828,13,,,,,,,,,,,,,,ngcm_clim_mok_date_raw,raw
Mekane Selam town,0.41230769230769226,0.3083076923076922,0.9127218934911243,13,,,,,,,,,,,,,,ngcm_clim_mok_date_raw,raw
Mekdela,0.6496000000000001,0.6609142857142857,0.8125,14,,,,,,,,,,,,,,ngcm_clim_mok_date_raw,raw
Meket,0.8466285714285713,1.0171428571428571,0.7276785714285714,14,,,,,,,,,,,,,,ngcm_clim_mok_date_raw,raw
Melka Nonno,1.2284444444444444,1.2638222222222222,0.5679012345679012,9,,,,,,,,,,,,,,ngcm_clim_mok_date_raw,raw
Mena Meketewa,0.8523428571428571,1.082857142857143,0.7238520408163265,14,,,,,,,,,,,,,,ngcm_clim_mok_date_raw,raw
Menze Gera Midir,0.41230769230769226,0.3083076923076922,0.9127218934911243,13,,,,,,,,,,,,,,ngcm_clim_mok_date_raw,raw
Menze Keya Gabriel,0.41230769230769226,0.3083076923076922,0.9127218934911243,13,,,,,,,,,,,,,,ngcm_clim_mok_date_raw,raw
Menze Lalo Midir,0.41230769230769226,0.3083076923076922,0.9127218934911243,13,,,,,,,,,,,,,,ngcm_clim_mok_date_raw,raw
Menze Mama Midir,0.41230769230769226,0.3083076923076922,0.9127218934911243,13,,,,,,,,,,,,,,ngcm_clim_mok_date_raw,raw
Merhabete,0.41230769230769226,0.3083076923076922,0.9127218934911243,13,,,,,,,,,,,,,,ngcm_clim_mok_date_raw,raw
Mersa town,0.3574857142857143,0.2336761904761905,0.9410430839002267,21,,,,,,,,,,,,,,ngcm_clim_mok_date_raw,raw
Merti,0.4068266666666666,0.2180266666666667,0.9233333333333333,15,,,,,,,,,,,,,,ngcm_clim_mok_date_raw,raw
Merto Lemariyam town,0.41230769230769226,0.3083076923076922,0.9127218934911243,13,,,,,,,,,,,,,,ngcm_clim_mok_date_raw,raw
Mesela /Shen Duggoo,0.8566,0.9665999999999999,0.71533203125,16,,,,,,,,,,,,,,ngcm_clim_mok_date_raw,raw
Meta Robi,1.0399999999999998,1.0544,0.5675,10,,,,,,,,,,,,,,ngcm_clim_mok_date_raw,raw
Meta Walkite,1.024,1.1616,0.6234567901234568,9,,,,,,,,,,,,,,ngcm_clim_mok_date_raw,raw
Metehara town,0.39125333333333323,0.20938666666666667,0.9305555555555556,15,,,,,,,,,,,,,,ngcm_clim_mok_date_raw,raw
Michakel,0.5558400000000001,0.24192000000000005,0.87125,10,,,,,,,,,,,,,,ngcm_clim_mok_date_raw,raw
Mida Kegn,1.5445333333333335,1.6226666666666667,0.1875,6,,,,,,,,,,,,,,ngcm_clim_mok_date_raw,raw
Mida Woremo,1.4506666666666665,1.3749333333333333,0.4675925925925926,9,,,,,,,,,,,,,,ngcm_clim_mok_date_raw,raw
Mieso,0.49514666666666673,0.3067733333333333,0.8872222222222222,15,,,,,,,,,,,,,,ngcm_clim_mok_date_raw,raw
Minjar Shenkora,0.39125333333333323,0.20938666666666667,0.9305555555555556,15,,,,,,,,,,,,,,ngcm_clim_mok_date_raw,raw
Mojan Wedera,0.41230769230769226,0.3083076923076922,0.9127218934911243,13,,,,,,,,,,,,,,ngcm_clim_mok_date_raw,raw
Mojo town,0.4084571428571428,0.2465142857142857,0.9158163265306123,14,,,,,,,,,,,,,,ngcm_clim_mok_date_raw,raw
Molale town,0.41230769230769226,0.3083076923076922,0.9127218934911243,13,,,,,,,,,,,,,,ngcm_clim_mok_date_raw,raw
Moretna Jiru,0.41230769230769226,0.3083076923076922,0.9127218934911243,13,,,,,,,,,,,,,,ngcm_clim_mok_date_raw,raw
Mota town,0.6183384615384615,0.4907076923076924,0.8572485207100592,13,,,,,,,,,,,,,,ngcm_clim_mok_date_raw,raw
Mulo,1.2284444444444444,1.2638222222222222,0.5679012345679012,9,,,,,,,,,,,,,,ngcm_clim_mok_date_raw,raw
Munessa,1.3887999999999998,1.6455111111111111,0.6419753086419753,9,,,,,,,,,,,,,,ngcm_clim_mok_date_raw,raw
Nefas Mewicha town,0.8466285714285713,1.0171428571428571,0.7276785714285714,14,,,,,,,,,,,,,,ngcm_clim_mok_date_raw,raw
Nenesebo,0.112,0.09926956521739132,0.9643194706994329,23,,,,,,,,,,,,,,ngcm_clim_mok_date_raw,raw
Nono,0.483490909090909,0.22734545454545457,0.9121900826446281,11,,,,,,,,,,,,,,ngcm_clim_mok_date_raw,raw
Quarit,0.4732444444444445,0.27662222222222227,0.9012345679012346,9,,,,,,,,,,,,,,ngcm_clim_mok_date_raw,raw
Raya Kobo,0.37653333333333333,0.29462857142857146,0.91921768707483,21,,,,,,,,,,,,,,ngcm_clim_mok_date_raw,raw
Robe,0.7147999999999999,0.7940999999999999,0.78125,16,,,,,,,,,,,,,,ngcm_clim_mok_date_raw,raw
Robe town,0.4141090909090909,0.46181818181818185,0.9054752066115702,22,,,,,,,,,,,,,,ngcm_clim_mok_date_raw,raw
Sahila,0.40680000000000005,0.2531,0.90966796875,16,,,,,,,,,,,,,,ngcm_clim_mok_date_raw,raw
Sayint,0.44307692307692303,0.40160000000000007,0.9127218934911243,13,,,,,,,,,,,,,,ngcm_clim_mok_date_raw,raw
Sebeta,1.2284444444444444,1.2638222222222222,0.5679012345679012,9,,,,,,,,,,,,,,ngcm_clim_mok_date_raw,raw
Sebeta Hawas,1.2284444444444444,1.2638222222222222,0.5679012345679012,9,,,,,,,,,,,,,,ngcm_clim_mok_date_raw,raw
Sedae,0.41230769230769226,0.3083076923076922,0.9127218934911243,13,,,,,,,,,,,,,,ngcm_clim_mok_date_raw,raw
Sede Muja,0.8152615384615383,0.9824,0.7751479289940828,13,,,,,,,,,,,,,,ngcm_clim_mok_date_raw,raw
Seden Sodo,1.8930285714285713,2.3536,0.26785714285714285,7,,,,,,,,,,,,,,ngcm_clim_mok_date_raw,raw
Sekela,0.4732444444444445,0.27662222222222227,0.9012345679012346,9,,,,,,,,,,,,,,ngcm_clim_mok_date_raw,raw
Sekota,0.3716266666666667,0.37642666666666663,0.9444444444444444,15,,,,,,,,,,,,,,ngcm_clim_mok_date_raw,raw
Sekota town,0.3716266666666667,0.37642666666666663,0.9444444444444444,15,,,,,,,,,,,,,,ngcm_clim_mok_date_raw,raw
Semada,0.7849846153846153,0.9176615384615385,0.7729289940828402,13,,,,,,,,,,,,,,ngcm_clim_mok_date_raw,raw
Senan,0.4732444444444445,0.27662222222222227,0.9012345679012346,9,,,,,,,,,,,,,,ngcm_clim_mok_date_raw,raw
Sendafa town,0.41230769230769226,0.3083076923076922,0.9127218934911243,13,,,,,,,,,,,,,,ngcm_clim_mok_date_raw,raw
Shala,1.6110222222222221,1.756622222222222,0.5462962962962963,9,,,,,,,,,,,,,,ngcm_clim_mok_date_raw,raw
Shanan Kolu,0.36840000000000006,0.271,0.900390625,16,,,,,,,,,,,,,,ngcm_clim_mok_date_raw,raw
Shashemene,1.3887999999999998,1.6455111111111111,0.6419753086419753,9,,,,,,,,,,,,,,ngcm_clim_mok_date_raw,raw
Shashemene town,1.3887999999999998,1.6455111111111111,0.6419753086419753,9,,,,,,,,,,,,,,ngcm_clim_mok_date_raw,raw
Shawra town,0.9987555555555555,0.8191999999999999,0.7253086419753086,9,,,,,,,,,,,,,,ngcm_clim_mok_date_raw,raw
Shebel Bernta,0.41230769230769226,0.3083076923076922,0.9127218934911243,13,,,,,,,,,,,,,,ngcm_clim_mok_date_raw,raw
Shendi town,0.4759272727272727,0.2197818181818182,0.9132231404958677,11,,,,,,,,,,,,,,ngcm_clim_mok_date_raw,raw
Sheno town,0.38586666666666664,0.2764,0.9227430555555556,12,,,,,,,,,,,,,,ngcm_clim_mok_date_raw,raw
Shirka,0.7147999999999999,0.7940999999999999,0.78125,16,,,,,,,,,,,,,,ngcm_clim_mok_date_raw,raw
Shoa Robit,0.41230769230769226,0.3083076923076922,0.9127218934911243,13,,,,,,,,,,,,,,ngcm_clim_mok_date_raw,raw
Sinana,0.4141090909090909,0.46181818181818185,0.9054752066115702,22,,,,,,,,,,,,,,ngcm_clim_mok_date_raw,raw
Siraro,0.04939130434782609,0.08013913043478263,1.0,23,,,,,,,,,,,,,,ngcm_clim_mok_date_raw,raw
Sire,0.4272,0.3618,0.91357421875,16,,,,,,,,,,,,,,ngcm_clim_mok_date_raw,raw
Siya Debirna Wayu,0.4370285714285714,0.32937142857142854,0.9049744897959183,14,,,,,,,,,,,,,,ngcm_clim_mok_date_raw,raw
Sodo Daci,0.45394285714285715,0.2768,0.9056122448979592,14,,,,,,,,,,,,,,ngcm_clim_mok_date_raw,raw
Sude,0.9134933333333333,0.94784,0.6855555555555556,15,,,,,,,,,,,,,,ngcm_clim_mok_date_raw,raw
Sululta,1.2284444444444444,1.2638222222222222,0.5679012345679012,9,,,,,,,,,,,,,,ngcm_clim_mok_date_raw,raw
Sululta (OR),1.2284444444444444,1.2638222222222222,0.5679012345679012,9,,,,,,,,,,,,,,ngcm_clim_mok_date_raw,raw
Tach Armacho,1.0520888888888889,0.9303111111111111,0.6512345679012346,9,,,,,,,,,,,,,,ngcm_clim_mok_date_raw,raw
Tach Gayint,0.8409142857142857,0.8857142857142856,0.7334183673469388,14,,,,,,,,,,,,,,ngcm_clim_mok_date_raw,raw
Takusa,0.9987555555555555,0.8191999999999999,0.7253086419753086,9,,,,,,,,,,,,,,ngcm_clim_mok_date_raw,raw
Tarema Ber,0.41230769230769226,0.3083076923076922,0.9127218934911243,13,,,,,,,,,,,,,,ngcm_clim_mok_date_raw,raw
Tegede,0.9987555555555555,0.8191999999999999,0.7253086419753086,9,,,,,,,,,,,,,,ngcm_clim_mok_date_raw,raw
Telemt,0.8152615384615383,0.9824,0.7751479289940828,13,,,,,,,,,,,,,,ngcm_clim_mok_date_raw,raw
Tena,0.7147999999999999,0.7940999999999999,0.78125,16,,,,,,,,,,,,,,ngcm_clim_mok_date_raw,raw
Tenta,0.5230933333333333,0.4210133333333334,0.8772222222222222,15,,,,,,,,,,,,,,ngcm_clim_mok_date_raw,raw
Thehulederie,0.6596266666666666,0.5497599999999999,0.8161111111111111,15,,,,,,,,,,,,,,ngcm_clim_mok_date_raw,raw
Tikur Enchini,1.530514285714286,1.558857142857143,0.16071428571428573,7,,,,,,,,,,,,,,ngcm_clim_mok_date_raw,raw
Tiyo,1.3887999999999998,1.6455111111111111,0.6419753086419753,9,,,,,,,,,,,,,,ngcm_clim_mok_date_raw,raw
Toke Kutaye,0.5532444444444444,0.3166222222222222,0.8734567901234568,9,,,,,,,,,,,,,,ngcm_clim_mok_date_raw,raw
Tole,1.8738285714285714,2.3421714285714286,0.26785714285714285,7,,,,,,,,,,,,,,ngcm_clim_mok_date_raw,raw
Tsagbeji,0.30144000000000004,0.21472000000000002,0.960625,20,,,,,,,,,,,,,,ngcm_clim_mok_date_raw,raw
Tulefa town,0.38586666666666664,0.2764,0.9227430555555556,12,,,,,,,,,,,,,,ngcm_clim_mok_date_raw,raw
Wadla,0.2922105263157895,0.16075789473684213,0.9525623268698061,19,,,,,,,,,,,,,,ngcm_clim_mok_date_raw,raw
Waliso,1.8281142857142858,2.2537142857142856,0.21428571428571427,7,,,,,,,,,,,,,,ngcm_clim_mok_date_raw,raw
Wara Jarso,1.4375111111111112,1.3552,0.4737654320987654,9,,,,,,,,,,,,,,ngcm_clim_mok_date_raw,raw
Wegde,0.41230769230769226,0.3083076923076922,0.9127218934911243,13,,,,,,,,,,,,,,ngcm_clim_mok_date_raw,raw
Wegeda town,0.8152615384615383,0.9824,0.7751479289940828,13,,,,,,,,,,,,,,ngcm_clim_mok_date_raw,raw
Wegedi town,0.41230769230769226,0.3083076923076922,0.9127218934911243,13,,,,,,,,,,,,,,ngcm_clim_mok_date_raw,raw
Wegel tena town,0.33487058823529414,0.20122352941176475,0.9264705882352942,17,,,,,,,,,,,,,,ngcm_clim_mok_date_raw,raw
Wegera,0.32516923076923077,0.18781538461538466,0.9504437869822485,13,,,,,,,,,,,,,,ngcm_clim_mok_date_raw,raw
Welmera,1.2284444444444444,1.2638222222222222,0.5679012345679012,9,,,,,,,,,,,,,,ngcm_clim_mok_date_raw,raw
Wemberma,0.534109090909091,0.22341818181818185,0.8842975206611571,11,,,,,,,,,,,,,,ngcm_clim_mok_date_raw,raw
Wenchi,1.5392,1.5977142857142856,0.16071428571428573,7,,,,,,,,,,,,,,ngcm_clim_mok_date_raw,raw
Were Ilu,0.4370285714285714,0.32937142857142854,0.9049744897959183,14,,,,,,,,,,,,,,ngcm_clim_mok_date_raw,raw
Wereilu town,0.4370285714285714,0.32937142857142854,0.9049744897959183,14,,,,,,,,,,,,,,ngcm_clim_mok_date_raw,raw
West Belesa,0.3091692307692308,0.17464615384615387,0.9563609467455622,13,,,,,,,,,,,,,,ngcm_clim_mok_date_raw,raw
West Dembiya,0.6876444444444444,0.5658666666666667,0.8256172839506173,9,,,,,,,,,,,,,,ngcm_clim_mok_date_raw,raw
Woldiya town,0.3574857142857143,0.2336761904761905,0.9410430839002267,21,,,,,,,,,,,,,,ngcm_clim_mok_date_raw,raw
Woliso town,1.8208,2.2009142857142856,0.21428571428571427,7,,,,,,,,,,,,,,ngcm_clim_mok_date_raw,raw
Wondo,0.04939130434782609,0.08013913043478263,1.0,23,,,,,,,,,,,,,,ngcm_clim_mok_date_raw,raw
Worebabu,0.3574857142857143,0.2336761904761905,0.9410430839002267,21,,,,,,,,,,,,,,ngcm_clim_mok_date_raw,raw
Woreta town,0.32516923076923077,0.18781538461538466,0.9504437869822485,13,,,,,,,,,,,,,,ngcm_clim_mok_date_raw,raw
Wuchale,0.41230769230769226,0.3083076923076922,0.9127218934911243,13,,,,,,,,,,,,,,ngcm_clim_mok_date_raw,raw
Yaya Gulele,0.41230769230769226,0.3083076923076922,0.9127218934911243,13,,,,,,,,,,,,,,ngcm_clim_mok_date_raw,raw
Zequala,0.3716266666666667,0.37642666666666663,0.9444444444444444,15,,,,,,,,,,,,,,ngcm_clim_mok_date_raw,raw
Ziway Dugda,0.5478736842105264,0.6227368421052631,0.8864265927977839,19,,,,,,,,,,,,,,ngcm_clim_mok_date_raw,raw
ALL,0.6024689590202543,0.5566119642016015,0.828840973377953,4246,,,0.5102449364107395,0.0859349976448422,0.09636928874234574,0.12765181347150262,0.10503966085727744,0.18747319830428638,0.8749038953920275,0.8230761141417102,0.632215766976019,0.6304540322580645,0.8880038835427084,ngcm_clim_mok_date_raw,raw
Abergele (AM),0.391817241632584,0.34549219056714014,0.9264705882352942,17,,,,,,,,,,,,,,ngcm_calibrated_clim_mok_date,calibrated
Abichugna Gne'a,0.4646623029359167,0.39918471308433023,0.9112426035502958,13,,,,,,,,,,,,,,ngcm_calibrated_clim_mok_date,calibrated
Abuna Ginde Beret,0.9344218745199312,0.6760632219638061,0.654320987654321,9,,,,,,,,,,,,,,ngcm_calibrated_clim_mok_date,calibrated
Ada'a,0.5061697774040642,0.38088889506089046,0.8941326530612245,14,,,,,,,,,,,,,,ngcm_calibrated_clim_mok_date,calibrated
Adaba,0.7461044506464481,0.9304630423952177,0.8047337278106509,13,,,,,,,,,,,,,,ngcm_calibrated_clim_mok_date,calibrated
Adama,0.5471075013220281,0.48432257103875537,0.8520408163265306,14,,,,,,,,,,,,,,ngcm_calibrated_clim_mok_date,calibrated
Adama Tulu Jido Kombolcha,0.791693817546374,0.9040897312703742,0.701530612244898,14,,,,,,,,,,,,,,ngcm_calibrated_clim_mok_date,calibrated
Adama town,0.45235309066009427,0.3106948376553119,0.9322222222222222,15,,,,,,,,,,,,,,ngcm_calibrated_clim_mok_date,calibrated
Adda Berga,0.8348973649119233,0.9106773441241423,0.691358024691358,9,,,,,,,,,,,,,,ngcm_calibrated_clim_mok_date,calibrated
Addi Arekay,0.8727119458199647,0.7673678901452734,0.6725,10,,,,,,,,,,,,,,ngcm_calibrated_clim_mok_date,calibrated
Adiss Zemen town,0.38651256649681337,0.29274216714609624,0.9600591715976331,13,,,,,,,,,,,,,,ngcm_calibrated_clim_mok_date,calibrated
Agarfa,0.5413407369554195,0.5353686577828238,0.8642578125,16,,,,,,,,,,,,,,ngcm_calibrated_clim_mok_date,calibrated
Akaki,0.9718966469031253,0.9555947867782089,0.6358024691358025,9,,,,,,,,,,,,,,ngcm_calibrated_clim_mok_date,calibrated
Akeseta town,0.4646623029359167,0.39918471308433023,0.9112426035502958,13,,,,,,,,,,,,,,ngcm_calibrated_clim_mok_date,calibrated
Albuko,0.5216314059885795,0.41515076113227983,0.8737244897959183,14,,,,,,,,,,,,,,ngcm_calibrated_clim_mok_date,calibrated
Alefa,0.9010324313299731,0.6906238742502021,0.6851851851851852,9,,,,,,,,,,,,,,ngcm_calibrated_clim_mok_date,calibrated
Aleltu,0.437970926509923,0.35399568805518355,0.9253472222222222,12,,,,,,,,,,,,,,ngcm_calibrated_clim_mok_date,calibrated
Aleme Ketma town,0.4646623029359167,0.39918471308433023,0.9112426035502958,13,,,,,,,,,,,,,,ngcm_calibrated_clim_mok_date,calibrated
Amanuel town,0.5922877299790408,0.3177777679591415,0.865,10,,,,,,,,,,,,,,ngcm_calibrated_clim_mok_date,calibrated
Amba Giorgis town,0.38651256649681337,0.29274216714609624,0.9600591715976331,13,,,,,,,,,,,,,,ngcm_calibrated_clim_mok_date,calibrated
Ambasel,0.5076118379274794,0.45064077314933837,0.8822222222222222,15,,,,,,,,,,,,,,ngcm_calibrated_clim_mok_date,calibrated
Ambo Zuria,0.566384999728046,0.3790342051227551,0.8765432098765432,9,,,,,,,,,,,,,,ngcm_calibrated_clim_mok_date,calibrated
Ambo town,0.5283911013902681,0.3481013971985421,0.9012345679012346,9,,,,,,,,,,,,,,ngcm_calibrated_clim_mok_date,calibrated
Ameya,0.5229088452710984,0.3336518695889115,0.9132231404958677,11,,,,,,,,,,,,,,ngcm_calibrated_clim_mok_date,calibrated
Amigna,0.551661712135616,0.6071607251156481,0.8703703703703703,18,,,,,,,,,,,,,,ngcm_calibrated_clim_mok_date,calibrated
Andabet /West Esite,0.3660105767842596,0.2672809408598708,0.9571005917159763,13,,,,,,,,,,,,,,ngcm_calibrated_clim_mok_date,calibrated
Aneded,0.4781999893248128,0.3054686389677187,0.93,10,,,,,,,,,,,,,,ngcm_calibrated_clim_mok_date,calibrated
Angolelana Tera,0.4646623029359167,0.39918471308433023,0.9112426035502958,13,,,,,,,,,,,,,,ngcm_calibrated_clim_mok_date,calibrated
Angot,0.35165688349612884,0.27881285054305377,0.9577562326869806,19,,,,,,,,,,,,,,ngcm_calibrated_clim_mok_date,calibrated
Ankober,0.47865598885207483,0.3243336148980619,0.9017857142857143,14,,,,,,,,,,,,,,ngcm_calibrated_clim_mok_date,calibrated
Antsokiya,0.49016871669087586,0.4321583168978,0.8992346938775511,14,,,,,,,,,,,,,,ngcm_calibrated_clim_mok_date,calibrated
Arerti town,0.44967516126404505,0.3097983363414924,0.9333333333333333,15,,,,,,,,,,,,,,ngcm_calibrated_clim_mok_date,calibrated
Argoba,0.5216314059885795,0.41515076113227983,0.8737244897959183,14,,,,,,,,,,,,,,ngcm_calibrated_clim_mok_date,calibrated
Arsi Negele,1.1995469634273013,1.2204595445075803,0.5462962962962963,9,,,,,,,,,,,,,,ngcm_calibrated_clim_mok_date,calibrated
Arsi Negele town,1.0568846277643538,1.172361188313528,0.6265432098765432,9,,,,,,,,,,,,,,ngcm_calibrated_clim_mok_date,calibrated
Aseko,0.7754538315484715,1.183200465724978,0.6521739130434783,23,,,,,,,,,,,,,,ngcm_calibrated_clim_mok_date,calibrated
Asela town,0.7461941804985042,0.787857791762087,0.7188888888888889,15,,,,,,,,,,,,,,ngcm_calibrated_clim_mok_date,calibrated
Assagirt,0.4866095175779955,0.36444602379479946,0.8941326530612245,14,,,,,,,,,,,,,,ngcm_calibrated_clim_mok_date,calibrated
Ataye town,0.44839698227676966,0.3427640762138698,0.9266666666666666,15,,,,,,,,,,,,,,ngcm_calibrated_clim_mok_date,calibrated
Awabel,0.7715522393511303,0.6702348857151315,0.715,10,,,,,,,,,,,,,,ngcm_calibrated_clim_mok_date,calibrated
Aykel town,0.666655381455153,0.5630495512641414,0.7993827160493827,9,,,,,,,,,,,,,,ngcm_calibrated_clim_mok_date,calibrated
Bako Tibe,1.2341857726240306,1.6352868363413542,0.3125,4,,,,,,,,,,,,,,ngcm_calibrated_clim_mok_date,calibrated
Baso Liben,0.4781999893248128,0.3054686389677187,0.93,10,,,,,,,,,,,,,,ngcm_calibrated_clim_mok_date,calibrated
Basona Worena,0.4646623029359167,0.39918471308433023,0.9112426035502958,13,,,,,,,,,,,,,,ngcm_calibrated_clim_mok_date,calibrated
Batu town,0.5259826149452593,0.6548017994238041,0.8878116343490304,19,,,,,,,,,,,,,,ngcm_calibrated_clim_mok_date,calibrated
Bechena town,0.4646623029359167,0.39918471308433023,0.9112426035502958,13,,,,,,,,,,,,,,ngcm_calibrated_clim_mok_date,calibrated
Becho (SW Shewa),1.343795191762606,1.5268216861288366,0.3622448979591837,7,,,,,,,,,,,,,,ngcm_calibrated_clim_mok_date,calibrated
Bedesa town,0.9718966469031253,0.9555947867782089,0.6358024691358025,9,,,,,,,,,,,,,,ngcm_calibrated_clim_mok_date,calibrated
Bele Gesgar,0.6160762877860844,0.6315855587852756,0.833984375,16,,,,,,,,,,,,,,ngcm_calibrated_clim_mok_date,calibrated
Bereh,0.9718966469031253,0.9555947867782089,0.6358024691358025,9,,,,,,,,,,,,,,ngcm_calibrated_clim_mok_date,calibrated
Berehet,0.4590097330441745,0.3042442837816534,0.9177777777777778,15,,,,,,,,,,,,,,ngcm_calibrated_clim_mok_date,calibrated
Beyeda,0.6883965390644001,0.7861527116306728,0.8121301775147929,13,,,,,,,,,,,,,,ngcm_calibrated_clim_mok_date,calibrated
Bibugn,0.5229088452710984,0.3336518695889115,0.9132231404958677,11,,,,,,,,,,,,,,ngcm_calibrated_clim_mok_date,calibrated
Bishoftu town,0.9718966469031253,0.9555947867782089,0.6358024691358025,9,,,,,,,,,,,,,,ngcm_calibrated_clim_mok_date,calibrated
Bokoji town,0.8079980449758445,0.899966802656485,0.7621527777777778,12,,,,,,,,,,,,,,ngcm_calibrated_clim_mok_date,calibrated
Bora (OR),0.6692483167167532,0.6343466137464678,0.7857142857142857,14,,,,,,,,,,,,,,ngcm_calibrated_clim_mok_date,calibrated
Borena /Debresina,0.4646623029359167,0.39918471308433023,0.9112426035502958,13,,,,,,,,,,,,,,ngcm_calibrated_clim_mok_date,calibrated
Boset,0.44967516126404505,0.3097983363414924,0.9333333333333333,15,,,,,,,,,,,,,,ngcm_calibrated_clim_mok_date,calibrated
Bugna,0.7184178873258379,0.8691602156791288,0.7678571428571429,14,,,,,,,,,,,,,,ngcm_calibrated_clim_mok_date,calibrated
Burayu,0.9718966469031253,0.9555947867782089,0.6358024691358025,9,,,,,,,,,,,,,,ngcm_calibrated_clim_mok_date,calibrated
Bure (AM),0.5922877299790408,0.3177777679591415,0.865,10,,,,,,,,,,,,,,ngcm_calibrated_clim_mok_date,calibrated
Bure town,0.5229088452710984,0.3336518695889115,0.9132231404958677,11,,,,,,,,,,,,,,ngcm_calibrated_clim_mok_date,calibrated
Burqua Dhintu,0.10078501314385695,0.14385501291405783,1.0,23,,,,,,,,,,,,,,ngcm_calibrated_clim_mok_date,calibrated
Chancho town,0.9718966469031253,0.9555947867782089,0.6358024691358025,9,,,,,,,,,,,,,,ngcm_calibrated_clim_mok_date,calibrated
Cheliya,1.1742285627913953,1.1114326256014417,0.3402777777777778,6,,,,,,,,,,,,,,ngcm_calibrated_clim_mok_date,calibrated
Chilga 1,0.666655381455153,0.5630495512641414,0.7993827160493827,9,,,,,,,,,,,,,,ngcm_calibrated_clim_mok_date,calibrated
Chilga 2,0.666655381455153,0.5630495512641414,0.7993827160493827,9,,,,,,,,,,,,,,ngcm_calibrated_clim_mok_date,calibrated
Chiro Zuria,0.7283416997058367,0.7222562151396746,0.8377777777777777,15,,,,,,,,,,,,,,ngcm_calibrated_clim_mok_date,calibrated
Chiro town,1.1023844285871842,1.2448231964166558,0.5277777777777778,9,,,,,,,,,,,,,,ngcm_calibrated_clim_mok_date,calibrated
Chole,0.5413407369554195,0.5353686577828238,0.8642578125,16,,,,,,,,,,,,,,ngcm_calibrated_clim_mok_date,calibrated
Cobi,1.1952039636280236,1.1714277791274676,0.3472222222222222,6,,,,,,,,,,,,,,ngcm_calibrated_clim_mok_date,calibrated
Dabat,0.7899164551197329,0.6003149994525684,0.7314814814814815,9,,,,,,,,,,,,,,ngcm_calibrated_clim_mok_date,calibrated
Dabat town,0.7899164551197329,0.6003149994525684,0.7314814814814815,9,,,,,,,,,,,,,,ngcm_calibrated_clim_mok_date,calibrated
Dano,1.1742285627913953,1.1114326256014417,0.3402777777777778,6,,,,,,,,,,,,,,ngcm_calibrated_clim_mok_date,calibrated
Dawo,1.343795191762606,1.5268216861288366,0.3622448979591837,7,,,,,,,,,,,,,,ngcm_calibrated_clim_mok_date,calibrated
Dawunt,0.6242919171995157,0.6536551019130569,0.7793367346938775,14,,,,,,,,,,,,,,ngcm_calibrated_clim_mok_date,calibrated
Debark,0.8651820585993911,0.700377701288555,0.691358024691358,9,,,,,,,,,,,,,,ngcm_calibrated_clim_mok_date,calibrated
Debark town,0.666655381455153,0.5630495512641414,0.7993827160493827,9,,,,,,,,,,,,,,ngcm_calibrated_clim_mok_date,calibrated
Debay Telatgen,0.3198779108717268,0.244384595962076,0.977810650887574,13,,,,,,,,,,,,,,ngcm_calibrated_clim_mok_date,calibrated
Debre Berhan town,0.4646623029359167,0.39918471308433023,0.9112426035502958,13,,,,,,,,,,,,,,ngcm_calibrated_clim_mok_date,calibrated
Debre Elias,0.5922877299790408,0.3177777679591415,0.865,10,,,,,,,,,,,,,,ngcm_calibrated_clim_mok_date,calibrated
Debre Libanos,0.4646623029359167,0.39918471308433023,0.9112426035502958,13,,,,,,,,,,,,,,ngcm_calibrated_clim_mok_date,calibrated
Debre Markos town,0.4781999893248128,0.3054686389677187,0.93,10,,,,,,,,,,,,,,ngcm_calibrated_clim_mok_date,calibrated
Debre Sina town,0.4646623029359167,0.39918471308433023,0.9112426035502958,13,,,,,,,,,,,,,,ngcm_calibrated_clim_mok_date,calibrated
Debre Tabor town,0.6753562586546302,0.7551671574880477,0.8121301775147929,13,,,,,,,,,,,,,,ngcm_calibrated_clim_mok_date,calibrated
Debrework town,0.4646623029359167,0.39918471308433023,0.9112426035502958,13,,,,,,,,,,,,,,ngcm_calibrated_clim_mok_date,calibrated
Dega Damot,0.5283911013902681,0.3481013971985421,0.9012345679012346,9,,,,,,,,,,,,,,ngcm_calibrated_clim_mok_date,calibrated
Degeluna Tijo,1.0568846277643538,1.172361188313528,0.6265432098765432,9,,,,,,,,,,,,,,ngcm_calibrated_clim_mok_date,calibrated
Degem,0.9718966469031253,0.9555947867782089,0.6358024691358025,9,,,,,,,,,,,,,,ngcm_calibrated_clim_mok_date,calibrated
Degolo town,0.4646623029359167,0.39918471308433023,0.9112426035502958,13,,,,,,,,,,,,,,ngcm_calibrated_clim_mok_date,calibrated
Dehana,0.7184178873258379,0.8691602156791288,0.7678571428571429,14,,,,,,,,,,,,,,ngcm_calibrated_clim_mok_date,calibrated
Dejen,0.4646623029359167,0.39918471308433023,0.9112426035502958,13,,,,,,,,,,,,,,ngcm_calibrated_clim_mok_date,calibrated
Dejen town,0.4646623029359167,0.39918471308433023,0.9112426035502958,13,,,,,,,,,,,,,,ngcm_calibrated_clim_mok_date,calibrated
Delanta,0.35165688349612884,0.27881285054305377,0.9577562326869806,19,,,,,,,,,,,,,,ngcm_calibrated_clim_mok_date,calibrated
Dembecha,0.5922877299790408,0.3177777679591415,0.865,10,,,,,,,,,,,,,,ngcm_calibrated_clim_mok_date,calibrated
Denbecha town,0.5922877299790408,0.3177777679591415,0.865,10,,,,,,,,,,,,,,ngcm_calibrated_clim_mok_date,calibrated
Dendi,0.8159717461671832,0.6771898797653012,0.695,10,,,,,,,,,,,,,,ngcm_calibrated_clim_mok_date,calibrated
Dera (AM),0.38651256649681337,0.29274216714609624,0.9600591715976331,13,,,,,,,,,,,,,,ngcm_calibrated_clim_mok_date,calibrated
Dera (OR),0.4646623029359167,0.39918471308433023,0.9112426035502958,13,,,,,,,,,,,,,,ngcm_calibrated_clim_mok_date,calibrated
Dera town,0.7095905259418211,0.8441251296115925,0.7423469387755102,14,,,,,,,,,,,,,,ngcm_calibrated_clim_mok_date,calibrated
Dessie Zuria,0.5232314423599326,0.43438623222977185,0.8698979591836735,14,,,,,,,,,,,,,,ngcm_calibrated_clim_mok_date,calibrated
Dessie town,0.5015503770406515,0.34529111199254053,0.8844444444444445,15,,,,,,,,,,,,,,ngcm_calibrated_clim_mok_date,calibrated
Diksis,0.7444719137115322,0.743459971785947,0.7411111111111112,15,,,,,,,,,,,,,,ngcm_calibrated_clim_mok_date,calibrated
Dinsho,0.5258387935049194,0.6114470730740716,0.8898891966759003,19,,,,,,,,,,,,,,ngcm_calibrated_clim_mok_date,calibrated
Doba,0.7822889297187579,0.8121139281867329,0.7422222222222222,15,,,,,,,,,,,,,,ngcm_calibrated_clim_mok_date,calibrated
Dodola,1.0568846277643538,1.172361188313528,0.6265432098765432,9,,,,,,,,,,,,,,ngcm_calibrated_clim_mok_date,calibrated
Dodola town,0.4665959137281509,0.5012204563802211,0.9148199445983379,19,,,,,,,,,,,,,,ngcm_calibrated_clim_mok_date,calibrated
Dodota,0.5350214829339623,0.5343816438610824,0.8544921875,16,,,,,,,,,,,,,,ngcm_calibrated_clim_mok_date,calibrated
Dugda,0.5259143815504193,0.6522412987928743,0.8829639889196675,19,,,,,,,,,,,,,,ngcm_calibrated_clim_mok_date,calibrated
East Belesa,0.6822776818382655,0.7735533263646197,0.8136094674556213,13,,,,,,,,,,,,,,ngcm_calibrated_clim_mok_date,calibrated
East Dembia,0.7899164551197329,0.6003149994525684,0.7314814814814815,9,,,,,,,,,,,,,,ngcm_calibrated_clim_mok_date,calibrated
East Esite,0.659507165355113,0.7191278812502421,0.8195266272189349,13,,,,,,,,,,,,,,ngcm_calibrated_clim_mok_date,calibrated
Ebenat,0.6842046187651346,0.7787170919809635,0.8121301775147929,13,,,,,,,,,,,,,,ngcm_calibrated_clim_mok_date,calibrated
Ebenat town,0.6883965390644001,0.7861527116306728,0.8121301775147929,13,,,,,,,,,,,,,,ngcm_calibrated_clim_mok_date,calibrated
Eferatana Gidem,0.49016871669087586,0.4321583168978,0.8992346938775511,14,,,,,,,,,,,,,,ngcm_calibrated_clim_mok_date,calibrated
Ejere /Addis Alem,0.8501716540972314,0.8448601530683882,0.64,10,,,,,,,,,,,,,,ngcm_calibrated_clim_mok_date,calibrated
Ejersa Lafo,0.8348949283050405,0.7027040455648894,0.6625,10,,,,,,,,,,,,,,ngcm_calibrated_clim_mok_date,calibrated
Eka Tafo,0.9718966469031253,0.9555947867782089,0.6358024691358025,9,,,,,,,,,,,,,,ngcm_calibrated_clim_mok_date,calibrated
Enarj Enawga,0.453577899193724,0.38683804424163487,0.9201183431952663,13,,,,,,,,,,,,,,ngcm_calibrated_clim_mok_date,calibrated
Enebse Sarmder,0.4646623029359167,0.39918471308433023,0.9112426035502958,13,,,,,,,,,,,,,,ngcm_calibrated_clim_mok_date,calibrated
Enemay,0.4646623029359167,0.39918471308433023,0.9112426035502958,13,,,,,,,,,,,,,,ngcm_calibrated_clim_mok_date,calibrated
Enewari town,0.4646623029359167,0.39918471308433023,0.9112426035502958,13,,,,,,,,,,,,,,ngcm_calibrated_clim_mok_date,calibrated
Ensaro,0.4646623029359167,0.39918471308433023,0.9112426035502958,13,,,,,,,,,,,,,,ngcm_calibrated_clim_mok_date,calibrated
Farta,0.5925209086460312,0.5774088403703753,0.8461538461538461,13,,,,,,,,,,,,,,ngcm_calibrated_clim_mok_date,calibrated
Fentale,0.44967516126404505,0.3097983363414924,0.9333333333333333,15,,,,,,,,,,,,,,ngcm_calibrated_clim_mok_date,calibrated
Fiche town,0.4646623029359167,0.39918471308433023,0.9112426035502958,13,,,,,,,,,,,,,,ngcm_calibrated_clim_mok_date,calibrated
Filakit town,0.35165688349612884,0.27881285054305377,0.9577562326869806,19,,,,,,,,,,,,,,ngcm_calibrated_clim_mok_date,calibrated
Finote Selam town,0.5922877299790408,0.3177777679591415,0.865,10,,,,,,,,,,,,,,ngcm_calibrated_clim_mok_date,calibrated
Fogera,0.3855916075005984,0.29070441023938953,0.9615384615384616,13,,,,,,,,,,,,,,ngcm_calibrated_clim_mok_date,calibrated
Furi,0.9718966469031253,0.9555947867782089,0.6358024691358025,9,,,,,,,,,,,,,,ngcm_calibrated_clim_mok_date,calibrated
Galan,0.9718966469031253,0.9555947867782089,0.6358024691358025,9,,,,,,,,,,,,,,ngcm_calibrated_clim_mok_date,calibrated
Galan Gudo,0.9718966469031253,0.9555947867782089,0.6358024691358025,9,,,,,,,,,,,,,,ngcm_calibrated_clim_mok_date,calibrated
Garba Guracha,0.4646623029359167,0.39918471308433023,0.9112426035502958,13,,,,,,,,,,,,,,ngcm_calibrated_clim_mok_date,calibrated
Gasera,0.6160762877860844,0.6315855587852756,0.833984375,16,,,,,,,,,,,,,,ngcm_calibrated_clim_mok_date,calibrated
Gashena town,0.39858267126901736,0.34638412922460826,0.9297052154195011,21,,,,,,,,,,,,,,ngcm_calibrated_clim_mok_date,calibrated
Gaz Gibla,0.35165688349612884,0.27881285054305377,0.9577562326869806,19,,,,,,,,,,,,,,ngcm_calibrated_clim_mok_date,calibrated
Gazo,0.3684141935703523,0.28963844624157303,0.9351851851851852,18,,,,,,,,,,,,,,ngcm_calibrated_clim_mok_date,calibrated
Gedeb Asasa,0.7461044506464481,0.9304630423952177,0.8047337278106509,13,,,,,,,,,,,,,,ngcm_calibrated_clim_mok_date,calibrated
Gefersa Guje,0.9718966469031253,0.9555947867782089,0.6358024691358025,9,,,,,,,,,,,,,,ngcm_calibrated_clim_mok_date,calibrated
Gerar Jarso,0.4646623029359167,0.39918471308433023,0.9112426035502958,13,,,,,,,,,,,,,,ngcm_calibrated_clim_mok_date,calibrated
Gidan,0.35165688349612884,0.27881285054305377,0.9577562326869806,19,,,,,,,,,,,,,,ngcm_calibrated_clim_mok_date,calibrated
Gimbichu,0.49016871669087586,0.4321583168978,0.8992346938775511,14,,,,,,,,,,,,,,ngcm_calibrated_clim_mok_date,calibrated
Gimeba town,0.5216314059885795,0.41515076113227983,0.8737244897959183,14,,,,,,,,,,,,,,ngcm_calibrated_clim_mok_date,calibrated
Ginde Beret,1.1742285627913953,1.1114326256014417,0.3402777777777778,6,,,,,,,,,,,,,,ngcm_calibrated_clim_mok_date,calibrated
Ginir,0.11054559728024592,0.15833449224612564,1.0,23,,,,,,,,,,,,,,ngcm_calibrated_clim_mok_date,calibrated
Gishe Rabel,0.49016871669087586,0.4321583168978,0.8992346938775511,14,,,,,,,,,,,,,,ngcm_calibrated_clim_mok_date,calibrated
Goba (OR),0.15896209212429913,0.2322494766221526,1.0,23,,,,,,,,,,,,,,ngcm_calibrated_clim_mok_date,calibrated
Goba Koricha,0.44967516126404505,0.3097983363414924,0.9333333333333333,15,,,,,,,,,,,,,,ngcm_calibrated_clim_mok_date,calibrated
Goba town,0.4265873990231808,0.4870382584131192,0.9204545454545454,22,,,,,,,,,,,,,,ngcm_calibrated_clim_mok_date,calibrated
Golocha,0.545394123464679,0.5417806141515379,0.8515625,16,,,,,,,,,,,,,,ngcm_calibrated_clim_mok_date,calibrated
Gololcha Bale,0.13314147407285767,0.19399719018789716,1.0,23,,,,,,,,,,,,,,ngcm_calibrated_clim_mok_date,calibrated
Goncha Siso Enebse,0.4646623029359167,0.39918471308433023,0.9112426035502958,13,,,,,,,,,,,,,,ngcm_calibrated_clim_mok_date,calibrated
Gondar town,0.7899164551197329,0.6003149994525684,0.7314814814814815,9,,,,,,,,,,,,,,ngcm_calibrated_clim_mok_date,calibrated
Gonder Zuria,0.7899164551197329,0.6003149994525684,0.7314814814814815,9,,,,,,,,,,,,,,ngcm_calibrated_clim_mok_date,calibrated
Goro (Bale),0.15896209212429913,0.2322494766221526,1.0,23,,,,,,,,,,,,,,ngcm_calibrated_clim_mok_date,calibrated
Goro (SW Shewa),0.508637321965243,0.3338490823529681,0.9114583333333334,12,,,,,,,,,,,,,,ngcm_calibrated_clim_mok_date,calibrated
Guba Lafto,0.397971731992323,0.3295139169818966,0.93140589569161,21,,,,,,,,,,,,,,ngcm_calibrated_clim_mok_date,calibrated
Gumbi Bordede,0.44967516126404505,0.3097983363414924,0.9333333333333333,15,,,,,,,,,,,,,,ngcm_calibrated_clim_mok_date,calibrated
Guna,0.43989574871841014,0.39088337565346143,0.91015625,16,,,,,,,,,,,,,,ngcm_calibrated_clim_mok_date,calibrated
Guna Begemider,0.6883965390644001,0.7861527116306728,0.8121301775147929,13,,,,,,,,,,,,,,ngcm_calibrated_clim_mok_date,calibrated
Gundwoin town,0.4646623029359167,0.39918471308433023,0.9112426035502958,13,,,,,,,,,,,,,,ngcm_calibrated_clim_mok_date,calibrated
Guzamn,0.4781999893248128,0.3054686389677187,0.93,10,,,,,,,,,,,,,,ngcm_calibrated_clim_mok_date,calibrated
Habro,0.44967516126404505,0.3097983363414924,0.9333333333333333,15,,,,,,,,,,,,,,ngcm_calibrated_clim_mok_date,calibrated
Habru,0.6252682893587299,0.6143943723341946,0.7755102040816326,14,,,,,,,,,,,,,,ngcm_calibrated_clim_mok_date,calibrated
Hagere Mariam,0.437970926509923,0.35399568805518355,0.9253472222222222,12,,,,,,,,,,,,,,ngcm_calibrated_clim_mok_date,calibrated
Hamusit town,0.38651256649681337,0.29274216714609624,0.9600591715976331,13,,,,,,,,,,,,,,ngcm_calibrated_clim_mok_date,calibrated
Hara town,0.397971731992323,0.3295139169818966,0.93140589569161,21,,,,,,,,,,,,,,ngcm_calibrated_clim_mok_date,calibrated
Harbu town,0.4590097330441745,0.3042442837816534,0.9177777777777778,15,,,,,,,,,,,,,,ngcm_calibrated_clim_mok_date,calibrated
Hawi Gudina,0.11379499769453423,0.16355232981138557,1.0,23,,,,,,,,,,,,,,ngcm_calibrated_clim_mok_date,calibrated
Heban Arsi,1.0568846277643538,1.172361188313528,0.6265432098765432,9,,,,,,,,,,,,,,ngcm_calibrated_clim_mok_date,calibrated
Hidabu Abote,0.9718966469031253,0.9555947867782089,0.6358024691358025,9,,,,,,,,,,,,,,ngcm_calibrated_clim_mok_date,calibrated
Hike town,0.603394076914892,0.5010762458221966,0.8155555555555556,15,,,,,,,,,,,,,,ngcm_calibrated_clim_mok_date,calibrated
Hitosa,0.7444719137115322,0.743459971785947,0.7411111111111112,15,,,,,,,,,,,,,,ngcm_calibrated_clim_mok_date,calibrated
Holeta town,0.4646623029359167,0.39918471308433023,0.9112426035502958,13,,,,,,,,,,,,,,ngcm_calibrated_clim_mok_date,calibrated
Hulet Ej Enese,0.46160010451522354,0.36775033372583277,0.9230769230769231,13,,,,,,,,,,,,,,ngcm_calibrated_clim_mok_date,calibrated
Ifata,0.6553604520076368,0.36695936597366086,0.8475,10,,,,,,,,,,,,,,ngcm_calibrated_clim_mok_date,calibrated
Illu Galan,1.1742285627913953,1.1114326256014417,0.3402777777777778,6,,,,,,,,,,,,,,ngcm_calibrated_clim_mok_date,calibrated
Ilu,0.437970926509923,0.35399568805518355,0.9253472222222222,12,,,,,,,,,,,,,,ngcm_calibrated_clim_mok_date,calibrated
Inkolo Wabe,0.6160762877860844,0.6315855587852756,0.833984375,16,,,,,,,,,,,,,,ngcm_calibrated_clim_mok_date,calibrated
Jabi Tehnan,0.5922877299790408,0.3177777679591415,0.865,10,,,,,,,,,,,,,,ngcm_calibrated_clim_mok_date,calibrated
Jama,0.4646623029359167,0.39918471308433023,0.9112426035502958,13,,,,,,,,,,,,,,ngcm_calibrated_clim_mok_date,calibrated
Janamora,0.6883965390644001,0.7861527116306728,0.8121301775147929,13,,,,,,,,,,,,,,ngcm_calibrated_clim_mok_date,calibrated
Jeju,0.4181159020282439,0.37281527614175936,0.9072265625,16,,,,,,,,,,,,,,ngcm_calibrated_clim_mok_date,calibrated
Jeldu,0.8282093267101104,0.9000352480433153,0.6944444444444444,9,,,,,,,,,,,,,,ngcm_calibrated_clim_mok_date,calibrated
Jibat,1.1742285627913953,1.1114326256014417,0.3402777777777778,6,,,,,,,,,,,,,,ngcm_calibrated_clim_mok_date,calibrated
Jida,0.4646623029359167,0.39918471308433023,0.9112426035502958,13,,,,,,,,,,,,,,ngcm_calibrated_clim_mok_date,calibrated
Jiga town,0.5283911013902681,0.3481013971985421,0.9012345679012346,9,,,,,,,,,,,,,,ngcm_calibrated_clim_mok_date,calibrated
Kalu,0.4981734229642882,0.330265779928906,0.8933333333333333,15,,,,,,,,,,,,,,ngcm_calibrated_clim_mok_date,calibrated
Kelala town,0.4646623029359167,0.39918471308433023,0.9112426035502958,13,,,,,,,,,,,,,,ngcm_calibrated_clim_mok_date,calibrated
Kelela,0.4646623029359167,0.39918471308433023,0.9112426035502958,13,,,,,,,,,,,,,,ngcm_calibrated_clim_mok_date,calibrated
Kersana Malima,0.464615728615096,0.4002597415027249,0.9097633136094675,13,,,,,,,,,,,,,,ngcm_calibrated_clim_mok_date,calibrated
Kewet,0.4646623029359167,0.39918471308433023,0.9112426035502958,13,,,,,,,,,,,,,,ngcm_calibrated_clim_mok_date,calibrated
Kimbibit,0.437970926509923,0.35399568805518355,0.9253472222222222,12,,,,,,,,,,,,,,ngcm_calibrated_clim_mok_date,calibrated
Kinfaz Begela,0.6124090001587308,0.6295882224805649,0.8357988165680473,13,,,,,,,,,,,,,,ngcm_calibrated_clim_mok_date,calibrated
Kobo town,0.35165688349612884,0.27881285054305377,0.9577562326869806,19,,,,,,,,,,,,,,ngcm_calibrated_clim_mok_date,calibrated
Kofele,1.0568846277643538,1.172361188313528,0.6265432098765432,9,,,,,,,,,,,,,,ngcm_calibrated_clim_mok_date,calibrated
Kofele town,0.15896209212429913,0.2322494766221526,1.0,23,,,,,,,,,,,,,,ngcm_calibrated_clim_mok_date,calibrated
Kokosa,1.0568846277643538,1.172361188313528,0.6265432098765432,9,,,,,,,,,,,,,,ngcm_calibrated_clim_mok_date,calibrated
Kolla Debba town,0.7899164551197329,0.6003149994525684,0.7314814814814815,9,,,,,,,,,,,,,,ngcm_calibrated_clim_mok_date,calibrated
Kombolcha town,0.4599952006949413,0.30426186432752705,0.9177777777777778,15,,,,,,,,,,,,,,ngcm_calibrated_clim_mok_date,calibrated
Kore,1.0568846277643538,1.172361188313528,0.6265432098765432,9,,,,,,,,,,,,,,ngcm_calibrated_clim_mok_date,calibrated
Koye,0.9718966469031253,0.9555947867782089,0.6358024691358025,9,,,,,,,,,,,,,,ngcm_calibrated_clim_mok_date,calibrated
Kura Jida,0.9718966469031253,0.9555947867782089,0.6358024691358025,9,,,,,,,,,,,,,,ngcm_calibrated_clim_mok_date,calibrated
Kutaber,0.606931999966518,0.5412396399902396,0.8133333333333334,15,,,,,,,,,,,,,,ngcm_calibrated_clim_mok_date,calibrated
Kuyu,0.8501716540972314,0.8448601530683882,0.64,10,,,,,,,,,,,,,,ngcm_calibrated_clim_mok_date,calibrated
Lalibela town,0.35165688349612884,0.27881285054305377,0.9577562326869806,19,,,,,,,,,,,,,,ngcm_calibrated_clim_mok_date,calibrated
Lasta,0.35165688349612884,0.27881285054305377,0.9577562326869806,19,,,,,,,,,,,,,,ngcm_calibrated_clim_mok_date,calibrated
Lay Armacho,0.9010324313299731,0.6906238742502021,0.6851851851851852,9,,,,,,,,,,,,,,ngcm_calibrated_clim_mok_date,calibrated
Lay Gayint,0.6883965390644001,0.7861527116306728,0.8121301775147929,13,,,,,,,,,,,,,,ngcm_calibrated_clim_mok_date,calibrated
Legambo,0.4646623029359167,0.39918471308433023,0.9112426035502958,13,,,,,,,,,,,,,,ngcm_calibrated_clim_mok_date,calibrated
Legehida,0.4646623029359167,0.39918471308433023,0.9112426035502958,13,,,,,,,,,,,,,,ngcm_calibrated_clim_mok_date,calibrated
Liban Jawi,1.173802232190641,1.1108738435384553,0.27040816326530615,7,,,,,,,,,,,,,,ngcm_calibrated_clim_mok_date,calibrated
Liben Chukala,0.5061697774040642,0.38088889506089046,0.8941326530612245,14,,,,,,,,,,,,,,ngcm_calibrated_clim_mok_date,calibrated
Libokemekem,0.38651256649681337,0.29274216714609624,0.9600591715976331,13,,,,,,,,,,,,,,ngcm_calibrated_clim_mok_date,calibrated
Limu Bilbilo,0.6974140465119962,0.793168523973849,0.8663194444444444,12,,,,,,,,,,,,,,ngcm_calibrated_clim_mok_date,calibrated
Lome (OR),0.5061697774040642,0.38088889506089046,0.8941326530612245,14,,,,,,,,,,,,,,ngcm_calibrated_clim_mok_date,calibrated
Lude Hitosa,0.7444719137115322,0.743459971785947,0.7411111111111112,15,,,,,,,,,,,,,,ngcm_calibrated_clim_mok_date,calibrated
Lumame town,0.4781999893248128,0.3054686389677187,0.93,10,,,,,,,,,,,,,,ngcm_calibrated_clim_mok_date,calibrated
Mana Abichu,0.9718966469031253,0.9555947867782089,0.6358024691358025,9,,,,,,,,,,,,,,ngcm_calibrated_clim_mok_date,calibrated
Masero Denb /Central Armacho,0.9010324313299731,0.6906238742502021,0.6851851851851852,9,,,,,,,,,,,,,,ngcm_calibrated_clim_mok_date,calibrated
Mehal Meda town,0.4646623029359167,0.39918471308433023,0.9112426035502958,13,,,,,,,,,,,,,,ngcm_calibrated_clim_mok_date,calibrated
Mehal Sayint,0.4646623029359167,0.39918471308433023,0.9112426035502958,13,,,,,,,,,,,,,,ngcm_calibrated_clim_mok_date,calibrated
Mekan Eyesuse,0.6883965390644001,0.7861527116306728,0.8121301775147929,13,,,,,,,,,,,,,,ngcm_calibrated_clim_mok_date,calibrated
Mekane Selam town,0.4646623029359167,0.39918471308433023,0.9112426035502958,13,,,,,,,,,,,,,,ngcm_calibrated_clim_mok_date,calibrated
Mekdela,0.5993758778079931,0.6072067482824649,0.8125,14,,,,,,,,,,,,,,ngcm_calibrated_clim_mok_date,calibrated
Meket,0.7144117954150815,0.8095310820323949,0.7729591836734694,14,,,,,,,,,,,,,,ngcm_calibrated_clim_mok_date,calibrated
Melka Nonno,0.9718966469031253,0.9555947867782089,0.6358024691358025,9,,,,,,,,,,,,,,ngcm_calibrated_clim_mok_date,calibrated
Mena Meketewa,0.7184178873258379,0.8691602156791288,0.7678571428571429,14,,,,,,,,,,,,,,ngcm_calibrated_clim_mok_date,calibrated
Menze Gera Midir,0.4646623029359167,0.39918471308433023,0.9112426035502958,13,,,,,,,,,,,,,,ngcm_calibrated_clim_mok_date,calibrated
Menze Keya Gabriel,0.4646623029359167,0.39918471308433023,0.9112426035502958,13,,,,,,,,,,,,,,ngcm_calibrated_clim_mok_date,calibrated
Menze Lalo Midir,0.4646623029359167,0.39918471308433023,0.9112426035502958,13,,,,,,,,,,,,,,ngcm_calibrated_clim_mok_date,calibrated
Menze Mama Midir,0.4646623029359167,0.39918471308433023,0.9112426035502958,13,,,,,,,,,,,,,,ngcm_calibrated_clim_mok_date,calibrated
Merhabete,0.4646623029359167,0.39918471308433023,0.9112426035502958,13,,,,,,,,,,,,,,ngcm_calibrated_clim_mok_date,calibrated
Mersa town,0.397971731992323,0.3295139169818966,0.93140589569161,21,,,,,,,,,,,,,,ngcm_calibrated_clim_mok_date,calibrated
Merti,0.45976818978262723,0.3163721692910945,0.9255555555555556,15,,,,,,,,,,,,,,ngcm_calibrated_clim_mok_date,calibrated
Merto Lemariyam town,0.4646623029359167,0.39918471308433023,0.9112426035502958,13,,,,,,,,,,,,,,ngcm_calibrated_clim_mok_date,calibrated
Mesela /Shen Duggoo,0.6595926002245367,0.6994311804184437,0.751953125,16,,,,,,,,,,,,,,ngcm_calibrated_clim_mok_date,calibrated
Meta Robi,0.8501716540972314,0.8448601530683882,0.64,10,,,,,,,,,,,,,,ngcm_calibrated_clim_mok_date,calibrated
Meta Walkite,0.8348973649119233,0.9106773441241423,0.691358024691358,9,,,,,,,,,,,,,,ngcm_calibrated_clim_mok_date,calibrated
Metehara town,0.44967516126404505,0.3097983363414924,0.9333333333333333,15,,,,,,,,,,,,,,ngcm_calibrated_clim_mok_date,calibrated
Michakel,0.5922877299790408,0.3177777679591415,0.865,10,,,,,,,,,,,,,,ngcm_calibrated_clim_mok_date,calibrated
Mida Kegn,1.1742285627913953,1.1114326256014417,0.3402777777777778,6,,,,,,,,,,,,,,ngcm_calibrated_clim_mok_date,calibrated
Mida Woremo,1.1145589825660727,1.0036931429722609,0.5462962962962963,9,,,,,,,,,,,,,,ngcm_calibrated_clim_mok_date,calibrated
Mieso,0.5209238641658795,0.3716621616596891,0.88,15,,,,,,,,,,,,,,ngcm_calibrated_clim_mok_date,calibrated
Minjar Shenkora,0.44967516126404505,0.3097983363414924,0.9333333333333333,15,,,,,,,,,,,,,,ngcm_calibrated_clim_mok_date,calibrated
Mojan Wedera,0.4646623029359167,0.39918471308433023,0.9112426035502958,13,,,,,,,,,,,,,,ngcm_calibrated_clim_mok_date,calibrated
Mojo town,0.463538188782886,0.36895380482139684,0.9081632653061225,14,,,,,,,,,,,,,,ngcm_calibrated_clim_mok_date,calibrated
Molale town,0.4646623029359167,0.39918471308433023,0.9112426035502958,13,,,,,,,,,,,,,,ngcm_calibrated_clim_mok_date,calibrated
Moretna Jiru,0.4646623029359167,0.39918471308433023,0.9112426035502958,13,,,,,,,,,,,,,,ngcm_calibrated_clim_mok_date,calibrated
Mota town,0.5878742471833315,0.4848366524071666,0.8550295857988166,13,,,,,,,,,,,,,,ngcm_calibrated_clim_mok_date,calibrated
Mulo,0.9718966469031253,0.9555947867782089,0.6358024691358025,9,,,,,,,,,,,,,,ngcm_calibrated_clim_mok_date,calibrated
Munessa,1.0568846277643538,1.172361188313528,0.6265432098765432,9,,,,,,,,,,,,,,ngcm_calibrated_clim_mok_date,calibrated
Nefas Mewicha town,0.7144117954150815,0.8095310820323949,0.7729591836734694,14,,,,,,,,,,,,,,ngcm_calibrated_clim_mok_date,calibrated
Nenesebo,0.20258230922813802,0.23987067789164612,0.9773156899810964,23,,,,,,,,,,,,,,ngcm_calibrated_clim_mok_date,calibrated
Nono,0.5297108142463902,0.3398070648134412,0.9173553719008265,11,,,,,,,,,,,,,,ngcm_calibrated_clim_mok_date,calibrated
Quarit,0.5283911013902681,0.3481013971985421,0.9012345679012346,9,,,,,,,,,,,,,,ngcm_calibrated_clim_mok_date,calibrated
Raya Kobo,0.40596719365755785,0.36571324380166426,0.9183673469387755,21,,,,,,,,,,,,,,ngcm_calibrated_clim_mok_date,calibrated
Robe,0.622379781741857,0.6858602507332203,0.787109375,16,,,,,,,,,,,,,,ngcm_calibrated_clim_mok_date,calibrated
Robe town,0.4265873990231808,0.4870382584131192,0.9204545454545454,22,,,,,,,,,,,,,,ngcm_calibrated_clim_mok_date,calibrated
Sahila,0.43949070416074953,0.3413089059164478,0.90625,16,,,,,,,,,,,,,,ngcm_calibrated_clim_mok_date,calibrated
Sayint,0.49167866437069274,0.4586352903614665,0.9068047337278107,13,,,,,,,,,,,,,,ngcm_calibrated_clim_mok_date,calibrated
Sebeta,0.9718966469031253,0.9555947867782089,0.6358024691358025,9,,,,,,,,,,,,,,ngcm_calibrated_clim_mok_date,calibrated
Sebeta Hawas,0.9718966469031253,0.9555947867782089,0.6358024691358025,9,,,,,,,,,,,,,,ngcm_calibrated_clim_mok_date,calibrated
Sedae,0.4646623029359167,0.39918471308433023,0.9112426035502958,13,,,,,,,,,,,,,,ngcm_calibrated_clim_mok_date,calibrated
Sede Muja,0.6883965390644001,0.7861527116306728,0.8121301775147929,13,,,,,,,,,,,,,,ngcm_calibrated_clim_mok_date,calibrated
Seden Sodo,1.354664237504526,1.5433917260669479,0.3469387755102041,7,,,,,,,,,,,,,,ngcm_calibrated_clim_mok_date,calibrated
Sekela,0.5283911013902681,0.3481013971985421,0.9012345679012346,9,,,,,,,,,,,,,,ngcm_calibrated_clim_mok_date,calibrated
Sekota,0.42201443652971093,0.4217817594329071,0.9366666666666666,15,,,,,,,,,,,,,,ngcm_calibrated_clim_mok_date,calibrated
Sekota town,0.42201443652971093,0.4217817594329071,0.9366666666666666,15,,,,,,,,,,,,,,ngcm_calibrated_clim_mok_date,calibrated
Semada,0.6731295184934016,0.7460139707752906,0.8150887573964497,13,,,,,,,,,,,,,,ngcm_calibrated_clim_mok_date,calibrated
Senan,0.5283911013902681,0.3481013971985421,0.9012345679012346,9,,,,,,,,,,,,,,ngcm_calibrated_clim_mok_date,calibrated
Sendafa town,0.4646623029359167,0.39918471308433023,0.9112426035502958,13,,,,,,,,,,,,,,ngcm_calibrated_clim_mok_date,calibrated
Shala,1.1995469634273013,1.2204595445075803,0.5462962962962963,9,,,,,,,,,,,,,,ngcm_calibrated_clim_mok_date,calibrated
Shanan Kolu,0.41379712095218746,0.3708401970927299,0.921875,16,,,,,,,,,,,,,,ngcm_calibrated_clim_mok_date,calibrated
Shashemene,1.0568846277643538,1.172361188313528,0.6265432098765432,9,,,,,,,,,,,,,,ngcm_calibrated_clim_mok_date,calibrated
Shashemene town,1.0568846277643538,1.172361188313528,0.6265432098765432,9,,,,,,,,,,,,,,ngcm_calibrated_clim_mok_date,calibrated
Shawra town,0.9010324313299731,0.6906238742502021,0.6851851851851852,9,,,,,,,,,,,,,,ngcm_calibrated_clim_mok_date,calibrated
Shebel Bernta,0.4646623029359167,0.39918471308433023,0.9112426035502958,13,,,,,,,,,,,,,,ngcm_calibrated_clim_mok_date,calibrated
Shendi town,0.5229088452710984,0.3336518695889115,0.9132231404958677,11,,,,,,,,,,,,,,ngcm_calibrated_clim_mok_date,calibrated
Sheno town,0.437970926509923,0.35399568805518355,0.9253472222222222,12,,,,,,,,,,,,,,ngcm_calibrated_clim_mok_date,calibrated
Shirka,0.622379781741857,0.6858602507332203,0.787109375,16,,,,,,,,,,,,,,ngcm_calibrated_clim_mok_date,calibrated
Shoa Robit,0.4646623029359167,0.39918471308433023,0.9112426035502958,13,,,,,,,,,,,,,,ngcm_calibrated_clim_mok_date,calibrated
Sinana,0.4265873990231808,0.4870382584131192,0.9204545454545454,22,,,,,,,,,,,,,,ngcm_calibrated_clim_mok_date,calibrated
Siraro,0.15896209212429913,0.2322494766221526,1.0,23,,,,,,,,,,,,,,ngcm_calibrated_clim_mok_date,calibrated
Sire,0.45667847361277425,0.42488533860844874,0.919921875,16,,,,,,,,,,,,,,ngcm_calibrated_clim_mok_date,calibrated
Siya Debirna Wayu,0.49016871669087586,0.4321583168978,0.8992346938775511,14,,,,,,,,,,,,,,ngcm_calibrated_clim_mok_date,calibrated
Sodo Daci,0.5061265298204449,0.3818871357351141,0.8941326530612245,14,,,,,,,,,,,,,,ngcm_calibrated_clim_mok_date,calibrated
Sude,0.7444719137115322,0.743459971785947,0.7411111111111112,15,,,,,,,,,,,,,,ngcm_calibrated_clim_mok_date,calibrated
Sululta,0.9718966469031253,0.9555947867782089,0.6358024691358025,9,,,,,,,,,,,,,,ngcm_calibrated_clim_mok_date,calibrated
Sululta (OR),0.9718966469031253,0.9555947867782089,0.6358024691358025,9,,,,,,,,,,,,,,ngcm_calibrated_clim_mok_date,calibrated
Tach Armacho,0.9246571204390795,0.7658356876024661,0.6388888888888888,9,,,,,,,,,,,,,,ngcm_calibrated_clim_mok_date,calibrated
Tach Gayint,0.711369142406212,0.7240884143711293,0.7653061224489796,14,,,,,,,,,,,,,,ngcm_calibrated_clim_mok_date,calibrated
Takusa,0.9010324313299731,0.6906238742502021,0.6851851851851852,9,,,,,,,,,,,,,,ngcm_calibrated_clim_mok_date,calibrated
Tarema Ber,0.4646623029359167,0.39918471308433023,0.9112426035502958,13,,,,,,,,,,,,,,ngcm_calibrated_clim_mok_date,calibrated
Tegede,0.9010324313299731,0.6906238742502021,0.6851851851851852,9,,,,,,,,,,,,,,ngcm_calibrated_clim_mok_date,calibrated
Telemt,0.6883965390644001,0.7861527116306728,0.8121301775147929,13,,,,,,,,,,,,,,ngcm_calibrated_clim_mok_date,calibrated
Tena,0.622379781741857,0.6858602507332203,0.787109375,16,,,,,,,,,,,,,,ngcm_calibrated_clim_mok_date,calibrated
Tenta,0.5406315419266782,0.4606793316456302,0.8588888888888889,15,,,,,,,,,,,,,,ngcm_calibrated_clim_mok_date,calibrated
Thehulederie,0.603394076914892,0.5010762458221966,0.8155555555555556,15,,,,,,,,,,,,,,ngcm_calibrated_clim_mok_date,calibrated
Tikur Enchini,1.173802232190641,1.1108738435384553,0.27040816326530615,7,,,,,,,,,,,,,,ngcm_calibrated_clim_mok_date,calibrated
Tiyo,1.0568846277643538,1.172361188313528,0.6265432098765432,9,,,,,,,,,,,,,,ngcm_calibrated_clim_mok_date,calibrated
Toke Kutaye,0.6003028287173096,0.3575101989930878,0.8703703703703703,9,,,,,,,,,,,,,,ngcm_calibrated_clim_mok_date,calibrated
Tole,1.343795191762606,1.5268216861288366,0.3622448979591837,7,,,,,,,,,,,,,,ngcm_calibrated_clim_mok_date,calibrated
Tsagbeji,0.3570815747061891,0.32107492511620866,0.953125,20,,,,,,,,,,,,,,ngcm_calibrated_clim_mok_date,calibrated
Tulefa town,0.437970926509923,0.35399568805518355,0.9253472222222222,12,,,,,,,,,,,,,,ngcm_calibrated_clim_mok_date,calibrated
Wadla,0.35165688349612884,0.27881285054305377,0.9577562326869806,19,,,,,,,,,,,,,,ngcm_calibrated_clim_mok_date,calibrated
Waliso,1.3275150895030705,1.4875164802618015,0.3469387755102041,7,,,,,,,,,,,,,,ngcm_calibrated_clim_mok_date,calibrated
Wara Jarso,1.10787094436426,0.993051046891434,0.5462962962962963,9,,,,,,,,,,,,,,ngcm_calibrated_clim_mok_date,calibrated
Wegde,0.4646623029359167,0.39918471308433023,0.9112426035502958,13,,,,,,,,,,,,,,ngcm_calibrated_clim_mok_date,calibrated
Wegeda town,0.6883965390644001,0.7861527116306728,0.8121301775147929,13,,,,,,,,,,,,,,ngcm_calibrated_clim_mok_date,calibrated
Wegedi town,0.4646623029359167,0.39918471308433023,0.9112426035502958,13,,,,,,,,,,,,,,ngcm_calibrated_clim_mok_date,calibrated
Wegel tena town,0.38084596056622066,0.30536670467517285,0.9290657439446367,17,,,,,,,,,,,,,,ngcm_calibrated_clim_mok_date,calibrated
Wegera,0.38651256649681337,0.29274216714609624,0.9600591715976331,13,,,,,,,,,,,,,,ngcm_calibrated_clim_mok_date,calibrated
Welmera,0.9718966469031253,0.9555947867782089,0.6358024691358025,9,,,,,,,,,,,,,,ngcm_calibrated_clim_mok_date,calibrated
Wemberma,0.5707946178689413,0.32272630245258654,0.8842975206611571,11,,,,,,,,,,,,,,ngcm_calibrated_clim_mok_date,calibrated
Wenchi,1.1820429177344551,1.1364198450628862,0.2755102040816326,7,,,,,,,,,,,,,,ngcm_calibrated_clim_mok_date,calibrated
Were Ilu,0.49016871669087586,0.4321583168978,0.8992346938775511,14,,,,,,,,,,,,,,ngcm_calibrated_clim_mok_date,calibrated
Wereilu town,0.49016871669087586,0.4321583168978,0.8992346938775511,14,,,,,,,,,,,,,,ngcm_calibrated_clim_mok_date,calibrated
West Belesa,0.37471063317922365,0.28456884743837296,0.9615384615384616,13,,,,,,,,,,,,,,ngcm_calibrated_clim_mok_date,calibrated
West Dembiya,0.666655381455153,0.5630495512641414,0.7993827160493827,9,,,,,,,,,,,,,,ngcm_calibrated_clim_mok_date,calibrated
Woldiya town,0.397971731992323,0.3295139169818966,0.93140589569161,21,,,,,,,,,,,,,,ngcm_calibrated_clim_mok_date,calibrated
Woliso town,1.321521887034843,1.4538157683189978,0.3469387755102041,7,,,,,,,,,,,,,,ngcm_calibrated_clim_mok_date,calibrated
Wondo,0.15896209212429913,0.2322494766221526,1.0,23,,,,,,,,,,,,,,ngcm_calibrated_clim_mok_date,calibrated
Worebabu,0.397971731992323,0.3295139169818966,0.93140589569161,21,,,,,,,,,,,,,,ngcm_calibrated_clim_mok_date,calibrated
Woreta town,0.38651256649681337,0.29274216714609624,0.9600591715976331,13,,,,,,,,,,,,,,ngcm_calibrated_clim_mok_date,calibrated
Wuchale,0.4646623029359167,0.39918471308433023,0.9112426035502958,13,,,,,,,,,,,,,,ngcm_calibrated_clim_mok_date,calibrated
Yaya Gulele,0.4646623029359167,0.39918471308433023,0.9112426035502958,13,,,,,,,,,,,,,,ngcm_calibrated_clim_mok_date,calibrated
Zequala,0.42201443652971093,0.4217817594329071,0.9366666666666666,15,,,,,,,,,,,,,,ngcm_calibrated_clim_mok_date,calibrated
Ziway Dugda,0.5258387935049194,0.6114470730740716,0.8898891966759003,19,,,,,,,,,,,,,,ngcm_calibrated_clim_mok_date,calibrated
ALL,0.5708731136066151,0.5303694076210859,0.8336146677297233,4246,,,0.5064178049929345,0.08859192957820557,0.0987561896670243,0.12162884414593314,0.10215698529873335,0.15973916491671883,0.8993487244953156,0.8394254085598669,0.6509952259128033,0.6090432795698925,0.8879096898176138,ngcm_calibrated_clim_mok_date,calibrated
Abergele (AM),0.44568804654615085,0.47222644531825997,0.8650519031141869,17,,,,,,,,,,,,,,aifs_calibrated_clim_mok_date,calibrated
Abichugna Gne'a,0.4580304810945337,0.4290944692217579,0.8949704142011834,13,,,,,,,,,,,,,,aifs_calibrated_clim_mok_date,calibrated
Abuna Ginde Beret,0.8597718265858351,0.7056971019967736,0.5925925925925926,9,,,,,,,,,,,,,,aifs_calibrated_clim_mok_date,calibrated
Ada'a,0.5822330577684485,0.45481978113029486,0.7908163265306123,14,,,,,,,,,,,,,,aifs_calibrated_clim_mok_date,calibrated
Adaba,0.5496883229688998,0.4735924324463864,0.8298816568047337,13,,,,,,,,,,,,,,aifs_calibrated_clim_mok_date,calibrated
Adama,0.6381621187408256,0.7079870590270725,0.7538265306122449,14,,,,,,,,,,,,,,aifs_calibrated_clim_mok_date,calibrated
Adama Tulu Jido Kombolcha,0.6287185742504001,0.5778143349314627,0.7627551020408163,14,,,,,,,,,,,,,,aifs_calibrated_clim_mok_date,calibrated
Adama town,0.7391539031488787,0.7504577956553936,0.7166666666666667,15,,,,,,,,,,,,,,aifs_calibrated_clim_mok_date,calibrated
Adda Berga,0.7357883213763574,0.7223604205114046,0.6975308641975309,9,,,,,,,,,,,,,,aifs_calibrated_clim_mok_date,calibrated
Addi Arekay,0.8870321299577848,0.8522964638425676,0.605,10,,,,,,,,,,,,,,aifs_calibrated_clim_mok_date,calibrated
Adiss Zemen town,0.39925956253985145,0.37708366374768193,0.9245562130177515,13,,,,,,,,,,,,,,aifs_calibrated_clim_mok_date,calibrated
Agarfa,0.4879003926730488,0.4090063487393674,0.833984375,16,,,,,,,,,,,,,,aifs_calibrated_clim_mok_date,calibrated
Akaki,0.8735589426262084,0.8028159085277375,0.6203703703703703,9,,,,,,,,,,,,,,aifs_calibrated_clim_mok_date,calibrated
Akeseta town,0.6887488472282695,0.7287367118390008,0.7366863905325444,13,,,,,,,,,,,,,,aifs_calibrated_clim_mok_date,calibrated
Albuko,0.7219947870851966,0.8057594898140877,0.7385204081632653,14,,,,,,,,,,,,,,aifs_calibrated_clim_mok_date,calibrated
Alefa,0.9982045953313966,0.8395662570548278,0.5308641975308642,9,,,,,,,,,,,,,,aifs_calibrated_clim_mok_date,calibrated
Aleltu,0.4660836663991362,0.40150759901477134,0.890625,12,,,,,,,,,,,,,,aifs_calibrated_clim_mok_date,calibrated
Aleme Ketma town,0.4580304810945337,0.4290944692217579,0.8949704142011834,13,,,,,,,,,,,,,,aifs_calibrated_clim_mok_date,calibrated
Amanuel town,0.7526825630166342,0.48712786088501614,0.6475,10,,,,,,,,,,,,,,aifs_calibrated_clim_mok_date,calibrated
Amba Giorgis town,0.45367896754843834,0.42480405832271423,0.8653846153846154,13,,,,,,,,,,,,,,aifs_calibrated_clim_mok_date,calibrated
Ambasel,0.6503348144049229,0.6544458287304437,0.7466666666666667,15,,,,,,,,,,,,,,aifs_calibrated_clim_mok_date,calibrated
Ambo Zuria,0.7084677092780486,0.6093285685387476,0.7191358024691358,9,,,,,,,,,,,,,,aifs_calibrated_clim_mok_date,calibrated
Ambo town,0.7084677092780486,0.6093285685387476,0.7191358024691358,9,,,,,,,,,,,,,,aifs_calibrated_clim_mok_date,calibrated
Ameya,0.6749182967976558,0.528329518993106,0.7355371900826446,11,,,,,,,,,,,,,,aifs_calibrated_clim_mok_date,calibrated
Amigna,0.43460167216510953,0.44970655331245063,0.970679012345679,18,,,,,,,,,,,,,,aifs_calibrated_clim_mok_date,calibrated
Andabet /West Esite,0.4578104216802412,0.4538008461939003,0.9201183431952663,13,,,,,,,,,,,,,,aifs_calibrated_clim_mok_date,calibrated
Aneded,0.7415981247852504,0.599148461371129,0.6625,10,,,,,,,,,,,,,,aifs_calibrated_clim_mok_date,calibrated
Angolelana Tera,0.5954586536350956,0.5518854292919957,0.7825443786982249,13,,,,,,,,,,,,,,aifs_calibrated_clim_mok_date,calibrated
Angot,0.44903642017974843,0.41355800190974845,0.9224376731301939,19,,,,,,,,,,,,,,aifs_calibrated_clim_mok_date,calibrated
Ankober,0.6431698063895966,0.592115180396722,0.7653061224489796,14,,,,,,,,,,,,,,aifs_calibrated_clim_mok_date,calibrated
Antsokiya,0.7658829131168574,0.9696341785867352,0.6683673469387755,14,,,,,,,,,,,,,,aifs_calibrated_clim_mok_date,calibrated
Arerti town,0.7004039094726248,0.6497030472370161,0.7366666666666667,15,,,,,,,,,,,,,,aifs_calibrated_clim_mok_date,calibrated
Argoba,0.7819828582793592,0.9688142036263433,0.6607142857142857,14,,,,,,,,,,,,,,aifs_calibrated_clim_mok_date,calibrated
Arsi Negele,0.8597718265858351,0.7056971019967736,0.5925925925925926,9,,,,,,,,,,,,,,aifs_calibrated_clim_mok_date,calibrated
Arsi Negele town,0.6770343663046892,0.6134547377546034,0.7191358024691358,9,,,,,,,,,,,,,,aifs_calibrated_clim_mok_date,calibrated
Aseko,0.4360372992613604,0.5207735728220986,0.943289224952741,23,,,,,,,,,,,,,,aifs_calibrated_clim_mok_date,calibrated
Asela town,0.49967269744838844,0.3765473410175685,0.8888888888888888,15,,,,,,,,,,,,,,aifs_calibrated_clim_mok_date,calibrated
Assagirt,0.6478287864108024,0.6469109134383875,0.7589285714285714,14,,,,,,,,,,,,,,aifs_calibrated_clim_mok_date,calibrated
Ataye town,0.6503348144049229,0.6544458287304437,0.7466666666666667,15,,,,,,,,,,,,,,aifs_calibrated_clim_mok_date,calibrated
Awabel,0.8424719342507837,0.7230843171988011,0.565,10,,,,,,,,,,,,,,aifs_calibrated_clim_mok_date,calibrated
Aykel town,0.7557310286010557,0.7752244227143008,0.7160493827160493,9,,,,,,,,,,,,,,aifs_calibrated_clim_mok_date,calibrated
Bako Tibe,1.0138274284234163,1.1519875592885775,0.28125,4,,,,,,,,,,,,,,aifs_calibrated_clim_mok_date,calibrated
Baso Liben,0.713308116109227,0.6028620136653992,0.665,10,,,,,,,,,,,,,,aifs_calibrated_clim_mok_date,calibrated
Basona Worena,0.6825835014006338,0.7559494621461244,0.7603550295857988,13,,,,,,,,,,,,,,aifs_calibrated_clim_mok_date,calibrated
Batu town,0.6961324140842088,0.972398568664503,0.7202216066481995,19,,,,,,,,,,,,,,aifs_calibrated_clim_mok_date,calibrated
Bechena town,0.6420522681948426,0.6330729287852661,0.7603550295857988,13,,,,,,,,,,,,,,aifs_calibrated_clim_mok_date,calibrated
Becho (SW Shewa),1.231069918395011,1.3687778009442007,0.4642857142857143,7,,,,,,,,,,,,,,aifs_calibrated_clim_mok_date,calibrated
Bedesa town,1.0030978244625348,1.0959162916431044,0.5,9,,,,,,,,,,,,,,aifs_calibrated_clim_mok_date,calibrated
Bele Gesgar,0.4378053224831723,0.3981959133355003,0.9453125,16,,,,,,,,,,,,,,aifs_calibrated_clim_mok_date,calibrated
Bereh,0.9432592503320267,0.9110526733575183,0.5802469135802469,9,,,,,,,,,,,,,,aifs_calibrated_clim_mok_date,calibrated
Berehet,0.7001034226179624,0.7016713603360508,0.72,15,,,,,,,,,,,,,,aifs_calibrated_clim_mok_date,calibrated
Beyeda,0.6833209140887889,0.7457316843081248,0.7618343195266272,13,,,,,,,,,,,,,,aifs_calibrated_clim_mok_date,calibrated
Bibugn,0.7662196618284749,0.6491789050107425,0.621900826446281,11,,,,,,,,,,,,,,aifs_calibrated_clim_mok_date,calibrated
Bishoftu town,0.9432592503320267,0.9110526733575183,0.5802469135802469,9,,,,,,,,,,,,,,aifs_calibrated_clim_mok_date,calibrated
Bokoji town,0.706220797339904,0.5490824350770559,0.6736111111111112,12,,,,,,,,,,,,,,aifs_calibrated_clim_mok_date,calibrated
Bora (OR),0.6295805966986426,0.5430380136131988,0.7755102040816326,14,,,,,,,,,,,,,,aifs_calibrated_clim_mok_date,calibrated
Borena /Debresina,0.39925956253985145,0.37708366374768193,0.9245562130177515,13,,,,,,,,,,,,,,aifs_calibrated_clim_mok_date,calibrated
Boset,0.7391539031488787,0.7504577956553936,0.7166666666666667,15,,,,,,,,,,,,,,aifs_calibrated_clim_mok_date,calibrated
Bugna,0.6515538375944773,0.6455242047458379,0.7206632653061225,14,,,,,,,,,,,,,,aifs_calibrated_clim_mok_date,calibrated
Burayu,0.8400827393435745,0.7340388608831484,0.6265432098765432,9,,,,,,,,,,,,,,aifs_calibrated_clim_mok_date,calibrated
Bure (AM),0.7521242160000773,0.5176388612232158,0.655,10,,,,,,,,,,,,,,aifs_calibrated_clim_mok_date,calibrated
Bure town,0.6501222088938742,0.516389105273454,0.7603305785123967,11,,,,,,,,,,,,,,aifs_calibrated_clim_mok_date,calibrated
Burqua Dhintu,0.17694018329919944,0.2587445585061951,1.0,23,,,,,,,,,,,,,,aifs_calibrated_clim_mok_date,calibrated
Chancho town,0.9432592503320267,0.9110526733575183,0.5802469135802469,9,,,,,,,,,,,,,,aifs_calibrated_clim_mok_date,calibrated
Cheliya,1.037328906183563,0.9224814367620667,0.3611111111111111,6,,,,,,,,,,,,,,aifs_calibrated_clim_mok_date,calibrated
Chilga 1,0.8254313363068742,0.8834611875440815,0.6759259259259259,9,,,,,,,,,,,,,,aifs_calibrated_clim_mok_date,calibrated
Chilga 2,0.7557310286010557,0.7752244227143008,0.7160493827160493,9,,,,,,,,,,,,,,aifs_calibrated_clim_mok_date,calibrated
Chiro Zuria,0.7197789063107517,0.700080421446205,0.7255555555555555,15,,,,,,,,,,,,,,aifs_calibrated_clim_mok_date,calibrated
Chiro town,1.0030978244625348,1.0959162916431044,0.5,9,,,,,,,,,,,,,,aifs_calibrated_clim_mok_date,calibrated
Chole,0.55096059838934,0.5050727963548463,0.8515625,16,,,,,,,,,,,,,,aifs_calibrated_clim_mok_date,calibrated
Cobi,1.136504924901048,1.1211655497202409,0.4166666666666667,6,,,,,,,,,,,,,,aifs_calibrated_clim_mok_date,calibrated
Dabat,0.9432592503320267,0.9110526733575183,0.5802469135802469,9,,,,,,,,,,,,,,aifs_calibrated_clim_mok_date,calibrated
Dabat town,0.9721133857366124,1.0182434949329773,0.5493827160493827,9,,,,,,,,,,,,,,aifs_calibrated_clim_mok_date,calibrated
Dano,0.9888914140882455,0.7965380012390947,0.3611111111111111,6,,,,,,,,,,,,,,aifs_calibrated_clim_mok_date,calibrated
Dawo,1.1912327828902534,1.2689127766026085,0.4897959183673469,7,,,,,,,,,,,,,,aifs_calibrated_clim_mok_date,calibrated
Dawunt,0.6182004050198441,0.5343398261446813,0.7295918367346939,14,,,,,,,,,,,,,,aifs_calibrated_clim_mok_date,calibrated
Debark,0.9432592503320267,0.9110526733575183,0.5802469135802469,9,,,,,,,,,,,,,,aifs_calibrated_clim_mok_date,calibrated
Debark town,0.8254313363068742,0.8834611875440815,0.6759259259259259,9,,,,,,,,,,,,,,aifs_calibrated_clim_mok_date,calibrated
Debay Telatgen,0.39925956253985145,0.37708366374768193,0.9245562130177515,13,,,,,,,,,,,,,,aifs_calibrated_clim_mok_date,calibrated
Debre Berhan town,0.5954586536350956,0.5518854292919957,0.7825443786982249,13,,,,,,,,,,,,,,aifs_calibrated_clim_mok_date,calibrated
Debre Elias,0.7526825630166342,0.48712786088501614,0.6475,10,,,,,,,,,,,,,,aifs_calibrated_clim_mok_date,calibrated
Debre Libanos,0.5124498861031206,0.4768148637967902,0.834319526627219,13,,,,,,,,,,,,,,aifs_calibrated_clim_mok_date,calibrated
Debre Markos town,0.6831795331548565,0.5409626707852689,0.7025,10,,,,,,,,,,,,,,aifs_calibrated_clim_mok_date,calibrated
Debre Sina town,0.7040342666724263,0.8097229367915969,0.727810650887574,13,,,,,,,,,,,,,,aifs_calibrated_clim_mok_date,calibrated
Debre Tabor town,0.35639552398313074,0.365678913929868,0.992603550295858,13,,,,,,,,,,,,,,aifs_calibrated_clim_mok_date,calibrated
Debrework town,0.5505212754578696,0.5071271288413339,0.8121301775147929,13,,,,,,,,,,,,,,aifs_calibrated_clim_mok_date,calibrated
Dega Damot,0.8813445279723192,0.8945791458428981,0.595679012345679,9,,,,,,,,,,,,,,aifs_calibrated_clim_mok_date,calibrated
Degeluna Tijo,0.7419439125606824,0.6781056161833366,0.6944444444444444,9,,,,,,,,,,,,,,aifs_calibrated_clim_mok_date,calibrated
Degem,0.9432592503320267,0.9110526733575183,0.5802469135802469,9,,,,,,,,,,,,,,aifs_calibrated_clim_mok_date,calibrated
Degolo town,0.6671304943339705,0.6603911945288602,0.7485207100591716,13,,,,,,,,,,,,,,aifs_calibrated_clim_mok_date,calibrated
Dehana,0.7181062611005753,0.7462795581800694,0.6964285714285714,14,,,,,,,,,,,,,,aifs_calibrated_clim_mok_date,calibrated
Dejen,0.4337071321037038,0.415418653258602,0.9215976331360947,13,,,,,,,,,,,,,,aifs_calibrated_clim_mok_date,calibrated
Dejen town,0.39925956253985145,0.37708366374768193,0.9245562130177515,13,,,,,,,,,,,,,,aifs_calibrated_clim_mok_date,calibrated
Delanta,0.44903642017974843,0.41355800190974845,0.9224376731301939,19,,,,,,,,,,,,,,aifs_calibrated_clim_mok_date,calibrated
Dembecha,0.7526825630166342,0.48712786088501614,0.6475,10,,,,,,,,,,,,,,aifs_calibrated_clim_mok_date,calibrated
Denbecha town,0.7526825630166342,0.48712786088501614,0.6475,10,,,,,,,,,,,,,,aifs_calibrated_clim_mok_date,calibrated
Dendi,0.811101154647028,0.5453136514708762,0.62,10,,,,,,,,,,,,,,aifs_calibrated_clim_mok_date,calibrated
Dera (AM),0.5412718539760316,0.5005226721394925,0.8594674556213018,13,,,,,,,,,,,,,,aifs_calibrated_clim_mok_date,calibrated
Dera (OR),0.4373309518946004,0.40739592879222586,0.9112426035502958,13,,,,,,,,,,,,,,aifs_calibrated_clim_mok_date,calibrated
Dera town,0.6978830080101593,0.7685096960286959,0.6772959183673469,14,,,,,,,,,,,,,,aifs_calibrated_clim_mok_date,calibrated
Dessie Zuria,0.7219947870851966,0.8057594898140877,0.7385204081632653,14,,,,,,,,,,,,,,aifs_calibrated_clim_mok_date,calibrated
Dessie town,0.7201891445875428,0.7429375889228044,0.71,15,,,,,,,,,,,,,,aifs_calibrated_clim_mok_date,calibrated
Diksis,0.4380984287145679,0.3688905530212805,0.9344444444444444,15,,,,,,,,,,,,,,aifs_calibrated_clim_mok_date,calibrated
Dinsho,0.5612486268899706,0.5843656541767481,0.8511080332409973,19,,,,,,,,,,,,,,aifs_calibrated_clim_mok_date,calibrated
Doba,0.7197789063107517,0.700080421446205,0.7255555555555555,15,,,,,,,,,,,,,,aifs_calibrated_clim_mok_date,calibrated
Dodola,0.7084677092780486,0.6093285685387476,0.7191358024691358,9,,,,,,,,,,,,,,aifs_calibrated_clim_mok_date,calibrated
Dodola town,0.6606742602172752,0.8495929744807503,0.7846260387811634,19,,,,,,,,,,,,,,aifs_calibrated_clim_mok_date,calibrated
Dodota,0.552397161744321,0.5537448564851286,0.8134765625,16,,,,,,,,,,,,,,aifs_calibrated_clim_mok_date,calibrated
Dugda,0.43849782826258854,0.5800674949120025,0.9314404432132964,19,,,,,,,,,,,,,,aifs_calibrated_clim_mok_date,calibrated
East Belesa,0.6825835014006338,0.7559494621461244,0.7603550295857988,13,,,,,,,,,,,,,,aifs_calibrated_clim_mok_date,calibrated
East Dembia,0.9432592503320267,0.9110526733575183,0.5802469135802469,9,,,,,,,,,,,,,,aifs_calibrated_clim_mok_date,calibrated
East Esite,0.35639552398313074,0.365678913929868,0.992603550295858,13,,,,,,,,,,,,,,aifs_calibrated_clim_mok_date,calibrated
Ebenat,0.6841409815481582,0.7352188239745456,0.7633136094674556,13,,,,,,,,,,,,,,aifs_calibrated_clim_mok_date,calibrated
Ebenat town,0.39925956253985145,0.37708366374768193,0.9245562130177515,13,,,,,,,,,,,,,,aifs_calibrated_clim_mok_date,calibrated
Eferatana Gidem,0.7244439289684997,0.8754878500729891,0.7091836734693877,14,,,,,,,,,,,,,,aifs_calibrated_clim_mok_date,calibrated
Ejere /Addis Alem,0.7675615108634053,0.611349487954475,0.6275,10,,,,,,,,,,,,,,aifs_calibrated_clim_mok_date,calibrated
Ejersa Lafo,0.8370645407251829,0.5575146780542221,0.5925,10,,,,,,,,,,,,,,aifs_calibrated_clim_mok_date,calibrated
Eka Tafo,0.9432592503320267,0.9110526733575183,0.5802469135802469,9,,,,,,,,,,,,,,aifs_calibrated_clim_mok_date,calibrated
Enarj Enawga,0.4373309518946004,0.40739592879222586,0.9112426035502958,13,,,,,,,,,,,,,,aifs_calibrated_clim_mok_date,calibrated
Enebse Sarmder,0.5505212754578696,0.5071271288413339,0.8121301775147929,13,,,,,,,,,,,,,,aifs_calibrated_clim_mok_date,calibrated
Enemay,0.5124498861031206,0.4768148637967902,0.834319526627219,13,,,,,,,,,,,,,,aifs_calibrated_clim_mok_date,calibrated
Enewari town,0.5339694827624233,0.48800054389274294,0.8195266272189349,13,,,,,,,,,,,,,,aifs_calibrated_clim_mok_date,calibrated
Ensaro,0.5339694827624233,0.48800054389274294,0.8195266272189349,13,,,,,,,,,,,,,,aifs_calibrated_clim_mok_date,calibrated
Farta,0.35639552398313074,0.365678913929868,0.992603550295858,13,,,,,,,,,,,,,,aifs_calibrated_clim_mok_date,calibrated
Fentale,0.7391539031488787,0.7504577956553936,0.7166666666666667,15,,,,,,,,,,,,,,aifs_calibrated_clim_mok_date,calibrated
Fiche town,0.5124498861031206,0.4768148637967902,0.834319526627219,13,,,,,,,,,,,,,,aifs_calibrated_clim_mok_date,calibrated
Filakit town,0.572947954292129,0.6340179839941283,0.8337950138504155,19,,,,,,,,,,,,,,aifs_calibrated_clim_mok_date,calibrated
Finote Selam town,0.769488927792549,0.5224219631244734,0.635,10,,,,,,,,,,,,,,aifs_calibrated_clim_mok_date,calibrated
Fogera,0.39925956253985145,0.37708366374768193,0.9245562130177515,13,,,,,,,,,,,,,,aifs_calibrated_clim_mok_date,calibrated
Furi,0.770382431637756,0.6258020960533677,0.6635802469135802,9,,,,,,,,,,,,,,aifs_calibrated_clim_mok_date,calibrated
Galan,0.8735589426262084,0.8028159085277375,0.6203703703703703,9,,,,,,,,,,,,,,aifs_calibrated_clim_mok_date,calibrated
Galan Gudo,0.8400827393435745,0.7340388608831484,0.6265432098765432,9,,,,,,,,,,,,,,aifs_calibrated_clim_mok_date,calibrated
Garba Guracha,0.4578104216802412,0.4538008461939003,0.9201183431952663,13,,,,,,,,,,,,,,aifs_calibrated_clim_mok_date,calibrated
Gasera,0.5485760668711321,0.5026683982823631,0.826171875,16,,,,,,,,,,,,,,aifs_calibrated_clim_mok_date,calibrated
Gashena town,0.5114949049381731,0.5544873714804166,0.8786848072562359,21,,,,,,,,,,,,,,aifs_calibrated_clim_mok_date,calibrated
Gaz Gibla,0.4788789376435318,0.4678600400467172,0.9030470914127424,19,,,,,,,,,,,,,,aifs_calibrated_clim_mok_date,calibrated
Gazo,0.4617706945483462,0.42535334678323405,0.9182098765432098,18,,,,,,,,,,,,,,aifs_calibrated_clim_mok_date,calibrated
Gedeb Asasa,0.5457320235989814,0.45556225494929187,0.8062130177514792,13,,,,,,,,,,,,,,aifs_calibrated_clim_mok_date,calibrated
Gefersa Guje,0.770382431637756,0.6258020960533677,0.6635802469135802,9,,,,,,,,,,,,,,aifs_calibrated_clim_mok_date,calibrated
Gerar Jarso,0.4580304810945337,0.4290944692217579,0.8949704142011834,13,,,,,,,,,,,,,,aifs_calibrated_clim_mok_date,calibrated
Gidan,0.42148520755395147,0.3833050307743559,0.9335180055401662,19,,,,,,,,,,,,,,aifs_calibrated_clim_mok_date,calibrated
Gimbichu,0.5736978251718597,0.5322267673652581,0.7729591836734694,14,,,,,,,,,,,,,,aifs_calibrated_clim_mok_date,calibrated
Gimeba town,0.7004743706892177,0.7615456734711376,0.7423469387755102,14,,,,,,,,,,,,,,aifs_calibrated_clim_mok_date,calibrated
Ginde Beret,1.136504924901048,1.1211655497202409,0.4166666666666667,6,,,,,,,,,,,,,,aifs_calibrated_clim_mok_date,calibrated
Ginir,0.17694018329919944,0.2587445585061951,1.0,23,,,,,,,,,,,,,,aifs_calibrated_clim_mok_date,calibrated
Gishe Rabel,0.7251286693217865,0.8659999135091324,0.7104591836734694,14,,,,,,,,,,,,,,aifs_calibrated_clim_mok_date,calibrated
Goba (OR),0.6659611827654216,1.1933709366615681,0.8638941398865785,23,,,,,,,,,,,,,,aifs_calibrated_clim_mok_date,calibrated
Goba Koricha,0.7391539031488787,0.7504577956553936,0.7166666666666667,15,,,,,,,,,,,,,,aifs_calibrated_clim_mok_date,calibrated
Goba town,0.49844620085110586,0.5896177254495966,0.8925619834710744,22,,,,,,,,,,,,,,aifs_calibrated_clim_mok_date,calibrated
Golocha,0.3815901878537442,0.3802780872217975,0.984375,16,,,,,,,,,,,,,,aifs_calibrated_clim_mok_date,calibrated
Gololcha Bale,0.19641054870485516,0.2804121612732368,1.0,23,,,,,,,,,,,,,,aifs_calibrated_clim_mok_date,calibrated
Goncha Siso Enebse,0.39925956253985145,0.37708366374768193,0.9245562130177515,13,,,,,,,,,,,,,,aifs_calibrated_clim_mok_date,calibrated
Gondar town,0.9432592503320267,0.9110526733575183,0.5802469135802469,9,,,,,,,,,,,,,,aifs_calibrated_clim_mok_date,calibrated
Gonder Zuria,0.9432592503320267,0.9110526733575183,0.5802469135802469,9,,,,,,,,,,,,,,aifs_calibrated_clim_mok_date,calibrated
Goro (Bale),0.19641054870485516,0.2804121612732368,1.0,23,,,,,,,,,,,,,,aifs_calibrated_clim_mok_date,calibrated
Goro (SW Shewa),0.6496795332654431,0.5362578696911027,0.7621527777777778,12,,,,,,,,,,,,,,aifs_calibrated_clim_mok_date,calibrated
Guba Lafto,0.3880172905368199,0.3764070636021505,0.9257369614512472,21,,,,,,,,,,,,,,aifs_calibrated_clim_mok_date,calibrated
Gumbi Bordede,0.7391539031488787,0.7504577956553936,0.7166666666666667,15,,,,,,,,,,,,,,aifs_calibrated_clim_mok_date,calibrated
Guna,0.41904647466336836,0.3990774183446032,0.92578125,16,,,,,,,,,,,,,,aifs_calibrated_clim_mok_date,calibrated
Guna Begemider,0.4917503569031873,0.4551163233672581,0.8505917159763313,13,,,,,,,,,,,,,,aifs_calibrated_clim_mok_date,calibrated
Gundwoin town,0.39925956253985145,0.37708366374768193,0.9245562130177515,13,,,,,,,,,,,,,,aifs_calibrated_clim_mok_date,calibrated
Guzamn,0.6831795331548565,0.5409626707852689,0.7025,10,,,,,,,,,,,,,,aifs_calibrated_clim_mok_date,calibrated
Habro,0.7197789063107517,0.700080421446205,0.7255555555555555,15,,,,,,,,,,,,,,aifs_calibrated_clim_mok_date,calibrated
Habru,0.7080415240470579,0.7969263869513511,0.6785714285714286,14,,,,,,,,,,,,,,aifs_calibrated_clim_mok_date,calibrated
Hagere Mariam,0.6570742076180475,0.6744229343938328,0.7864583333333334,12,,,,,,,,,,,,,,aifs_calibrated_clim_mok_date,calibrated
Hamusit town,0.5412718539760316,0.5005226721394925,0.8594674556213018,13,,,,,,,,,,,,,,aifs_calibrated_clim_mok_date,calibrated
Hara town,0.4232106196875039,0.3942629418293372,0.895124716553288,21,,,,,,,,,,,,,,aifs_calibrated_clim_mok_date,calibrated
Harbu town,0.7201891445875428,0.7429375889228044,0.71,15,,,,,,,,,,,,,,aifs_calibrated_clim_mok_date,calibrated
Hawi Gudina,0.22618834423751136,0.33945534430924895,0.9985822306238186,23,,,,,,,,,,,,,,aifs_calibrated_clim_mok_date,calibrated
Heban Arsi,0.7419439125606824,0.6781056161833366,0.6944444444444444,9,,,,,,,,,,,,,,aifs_calibrated_clim_mok_date,calibrated
Hidabu Abote,0.9432592503320267,0.9110526733575183,0.5802469135802469,9,,,,,,,,,,,,,,aifs_calibrated_clim_mok_date,calibrated
Hike town,0.7197789063107517,0.700080421446205,0.7255555555555555,15,,,,,,,,,,,,,,aifs_calibrated_clim_mok_date,calibrated
Hitosa,0.5801833980988867,0.47010645599783535,0.8255555555555556,15,,,,,,,,,,,,,,aifs_calibrated_clim_mok_date,calibrated
Holeta town,0.47237671484832683,0.4238526931176524,0.9068047337278107,13,,,,,,,,,,,,,,aifs_calibrated_clim_mok_date,calibrated
Hulet Ej Enese,0.39925956253985145,0.37708366374768193,0.9245562130177515,13,,,,,,,,,,,,,,aifs_calibrated_clim_mok_date,calibrated
Ifata,0.7526825630166342,0.48712786088501614,0.6475,10,,,,,,,,,,,,,,aifs_calibrated_clim_mok_date,calibrated
Illu Galan,0.9871146012596123,0.8193158652951831,0.3472222222222222,6,,,,,,,,,,,,,,aifs_calibrated_clim_mok_date,calibrated
Ilu,0.4807370132180953,0.40721794026336794,0.9027777777777778,12,,,,,,,,,,,,,,aifs_calibrated_clim_mok_date,calibrated
Inkolo Wabe,0.4788267193740628,0.41268186830644876,0.9111328125,16,,,,,,,,,,,,,,aifs_calibrated_clim_mok_date,calibrated
Jabi Tehnan,0.7526825630166342,0.48712786088501614,0.6475,10,,,,,,,,,,,,,,aifs_calibrated_clim_mok_date,calibrated
Jama,0.5573872642803467,0.5215731642474517,0.8032544378698225,13,,,,,,,,,,,,,,aifs_calibrated_clim_mok_date,calibrated
Janamora,0.39925956253985145,0.37708366374768193,0.9245562130177515,13,,,,,,,,,,,,,,aifs_calibrated_clim_mok_date,calibrated
Jeju,0.5235015527018438,0.491649438086268,0.82421875,16,,,,,,,,,,,,,,aifs_calibrated_clim_mok_date,calibrated
Jeldu,0.7023121180937235,0.6535833728668154,0.7253086419753086,9,,,,,,,,,,,,,,aifs_calibrated_clim_mok_date,calibrated
Jibat,0.9888914140882455,0.7965380012390947,0.3611111111111111,6,,,,,,,,,,,,,,aifs_calibrated_clim_mok_date,calibrated
Jida,0.39925956253985145,0.37708366374768193,0.9245562130177515,13,,,,,,,,,,,,,,aifs_calibrated_clim_mok_date,calibrated
Jiga town,0.6435581630220554,0.5446776901100142,0.7592592592592593,9,,,,,,,,,,,,,,aifs_calibrated_clim_mok_date,calibrated
Kalu,0.7395641414256696,0.793314963131993,0.7,15,,,,,,,,,,,,,,aifs_calibrated_clim_mok_date,calibrated
Kelala town,0.5339694827624233,0.48800054389274294,0.8195266272189349,13,,,,,,,,,,,,,,aifs_calibrated_clim_mok_date,calibrated
Kelela,0.4580304810945337,0.4290944692217579,0.8949704142011834,13,,,,,,,,,,,,,,aifs_calibrated_clim_mok_date,calibrated
Kersana Malima,0.43274322660648046,0.40197713512423816,0.8964497041420119,13,,,,,,,,,,,,,,aifs_calibrated_clim_mok_date,calibrated
Kewet,0.7479234522978871,0.9213290684136308,0.6730769230769231,13,,,,,,,,,,,,,,aifs_calibrated_clim_mok_date,calibrated
Kimbibit,0.4660836663991362,0.40150759901477134,0.890625,12,,,,,,,,,,,,,,aifs_calibrated_clim_mok_date,calibrated
Kinfaz Begela,0.6894862599164246,0.7185189340010012,0.7381656804733728,13,,,,,,,,,,,,,,aifs_calibrated_clim_mok_date,calibrated
Kobo town,0.5128179478331443,0.5175888670205716,0.8303324099722992,19,,,,,,,,,,,,,,aifs_calibrated_clim_mok_date,calibrated
Kofele,0.7084677092780486,0.6093285685387476,0.7191358024691358,9,,,,,,,,,,,,,,aifs_calibrated_clim_mok_date,calibrated
Kofele town,0.6785374537091441,1.1833063862407471,0.8487712665406427,23,,,,,,,,,,,,,,aifs_calibrated_clim_mok_date,calibrated
Kokosa,0.7243996253443903,0.6162075462088306,0.6975308641975309,9,,,,,,,,,,,,,,aifs_calibrated_clim_mok_date,calibrated
Kolla Debba town,0.9432592503320267,0.9110526733575183,0.5802469135802469,9,,,,,,,,,,,,,,aifs_calibrated_clim_mok_date,calibrated
Kombolcha town,0.7201891445875428,0.7429375889228044,0.71,15,,,,,,,,,,,,,,aifs_calibrated_clim_mok_date,calibrated
Kore,0.7419439125606824,0.6781056161833366,0.6944444444444444,9,,,,,,,,,,,,,,aifs_calibrated_clim_mok_date,calibrated
Koye,0.9432592503320267,0.9110526733575183,0.5802469135802469,9,,,,,,,,,,,,,,aifs_calibrated_clim_mok_date,calibrated
Kura Jida,0.9432592503320267,0.9110526733575183,0.5802469135802469,9,,,,,,,,,,,,,,aifs_calibrated_clim_mok_date,calibrated
Kutaber,0.7201891445875428,0.7429375889228044,0.71,15,,,,,,,,,,,,,,aifs_calibrated_clim_mok_date,calibrated
Kuyu,0.8123433512964133,0.6611849743186708,0.58,10,,,,,,,,,,,,,,aifs_calibrated_clim_mok_date,calibrated
Lalibela town,0.4905404577852209,0.5056780441280178,0.907202216066482,19,,,,,,,,,,,,,,aifs_calibrated_clim_mok_date,calibrated
Lasta,0.4788789376435318,0.4678600400467172,0.9030470914127424,19,,,,,,,,,,,,,,aifs_calibrated_clim_mok_date,calibrated
Lay Armacho,1.058999403508408,0.9871103278837872,0.5277777777777778,9,,,,,,,,,,,,,,aifs_calibrated_clim_mok_date,calibrated
Lay Gayint,0.5132699535624898,0.4663020034632109,0.8357988165680473,13,,,,,,,,,,,,,,aifs_calibrated_clim_mok_date,calibrated
Legambo,0.5954586536350956,0.5518854292919957,0.7825443786982249,13,,,,,,,,,,,,,,aifs_calibrated_clim_mok_date,calibrated
Legehida,0.6671304943339705,0.6603911945288602,0.7485207100591716,13,,,,,,,,,,,,,,aifs_calibrated_clim_mok_date,calibrated
Liban Jawi,1.0433541195177303,0.9683890682024122,0.3163265306122449,7,,,,,,,,,,,,,,aifs_calibrated_clim_mok_date,calibrated
Liben Chukala,0.5496089799511215,0.4739200893949248,0.8303571428571429,14,,,,,,,,,,,,,,aifs_calibrated_clim_mok_date,calibrated
Libokemekem,0.39925956253985145,0.37708366374768193,0.9245562130177515,13,,,,,,,,,,,,,,aifs_calibrated_clim_mok_date,calibrated
Limu Bilbilo,0.4908990855823612,0.3926051585747305,0.8628472222222222,12,,,,,,,,,,,,,,aifs_calibrated_clim_mok_date,calibrated
Lome (OR),0.7120746545587201,0.6673884289969052,0.7193877551020408,14,,,,,,,,,,,,,,aifs_calibrated_clim_mok_date,calibrated
Lude Hitosa,0.4897439499267459,0.4048554388097109,0.8988888888888888,15,,,,,,,,,,,,,,aifs_calibrated_clim_mok_date,calibrated
Lumame town,0.7415981247852504,0.599148461371129,0.6625,10,,,,,,,,,,,,,,aifs_calibrated_clim_mok_date,calibrated
Mana Abichu,0.8735589426262084,0.8028159085277375,0.6203703703703703,9,,,,,,,,,,,,,,aifs_calibrated_clim_mok_date,calibrated
Masero Denb /Central Armacho,1.0579342518477395,1.0018693403164531,0.5277777777777778,9,,,,,,,,,,,,,,aifs_calibrated_clim_mok_date,calibrated
Mehal Meda town,0.6825835014006338,0.7559494621461244,0.7603550295857988,13,,,,,,,,,,,,,,aifs_calibrated_clim_mok_date,calibrated
Mehal Sayint,0.4373309518946004,0.40739592879222586,0.9112426035502958,13,,,,,,,,,,,,,,aifs_calibrated_clim_mok_date,calibrated
Mekan Eyesuse,0.4578104216802412,0.45380084619390043,0.9201183431952663,13,,,,,,,,,,,,,,aifs_calibrated_clim_mok_date,calibrated
Mekane Selam town,0.39925956253985145,0.37708366374768193,0.9245562130177515,13,,,,,,,,,,,,,,aifs_calibrated_clim_mok_date,calibrated
Mekdela,0.6384225054333731,0.5850382856649866,0.7193877551020408,14,,,,,,,,,,,,,,aifs_calibrated_clim_mok_date,calibrated
Meket,0.6032630801301604,0.526027723939938,0.7474489795918368,14,,,,,,,,,,,,,,aifs_calibrated_clim_mok_date,calibrated
Melka Nonno,0.770382431637756,0.6258020960533677,0.6635802469135802,9,,,,,,,,,,,,,,aifs_calibrated_clim_mok_date,calibrated
Mena Meketewa,0.7123812971177708,0.7715485406081128,0.7181122448979592,14,,,,,,,,,,,,,,aifs_calibrated_clim_mok_date,calibrated
Menze Gera Midir,0.7040342666724263,0.8097229367915969,0.727810650887574,13,,,,,,,,,,,,,,aifs_calibrated_clim_mok_date,calibrated
Menze Keya Gabriel,0.5339694827624233,0.48800054389274294,0.8195266272189349,13,,,,,,,,,,,,,,aifs_calibrated_clim_mok_date,calibrated
Menze Lalo Midir,0.6437127128160469,0.6268185741741514,0.7485207100591716,13,,,,,,,,,,,,,,aifs_calibrated_clim_mok_date,calibrated
Menze Mama Midir,0.7040342666724263,0.8097229367915969,0.727810650887574,13,,,,,,,,,,,,,,aifs_calibrated_clim_mok_date,calibrated
Merhabete,0.4580304810945337,0.4290944692217579,0.8949704142011834,13,,,,,,,,,,,,,,aifs_calibrated_clim_mok_date,calibrated
Mersa town,0.4232106196875039,0.3942629418293372,0.895124716553288,21,,,,,,,,,,,,,,aifs_calibrated_clim_mok_date,calibrated
Merti,0.7391539031488787,0.7504577956553936,0.7166666666666667,15,,,,,,,,,,,,,,aifs_calibrated_clim_mok_date,calibrated
Merto Lemariyam town,0.5505212754578696,0.5071271288413339,0.8121301775147929,13,,,,,,,,,,,,,,aifs_calibrated_clim_mok_date,calibrated
Mesela /Shen Duggoo,0.6207476499608152,0.6297144993414281,0.763671875,16,,,,,,,,,,,,,,aifs_calibrated_clim_mok_date,calibrated
Meta Robi,0.8123433512964133,0.6611849743186708,0.58,10,,,,,,,,,,,,,,aifs_calibrated_clim_mok_date,calibrated
Meta Walkite,0.7357883213763574,0.7223604205114046,0.6975308641975309,9,,,,,,,,,,,,,,aifs_calibrated_clim_mok_date,calibrated
Metehara town,0.7391539031488787,0.7504577956553936,0.7166666666666667,15,,,,,,,,,,,,,,aifs_calibrated_clim_mok_date,calibrated
Michakel,0.811101154647028,0.5453136514708762,0.62,10,,,,,,,,,,,,,,aifs_calibrated_clim_mok_date,calibrated
Mida Kegn,1.181383855498929,1.2598132634344306,0.3958333333333333,6,,,,,,,,,,,,,,aifs_calibrated_clim_mok_date,calibrated
Mida Woremo,1.0600220126965112,0.9534031716036212,0.4845679012345679,9,,,,,,,,,,,,,,aifs_calibrated_clim_mok_date,calibrated
Mieso,0.7391539031488787,0.7504577956553936,0.7166666666666667,15,,,,,,,,,,,,,,aifs_calibrated_clim_mok_date,calibrated
Minjar Shenkora,0.6996931843411713,0.6588141928594514,0.7344444444444445,15,,,,,,,,,,,,,,aifs_calibrated_clim_mok_date,calibrated
Mojan Wedera,0.7040342666724263,0.8097229367915969,0.727810650887574,13,,,,,,,,,,,,,,aifs_calibrated_clim_mok_date,calibrated
Mojo town,0.6580806864932044,0.7579195711978686,0.7117346938775511,14,,,,,,,,,,,,,,aifs_calibrated_clim_mok_date,calibrated
Molale town,0.7040342666724263,0.8097229367915969,0.727810650887574,13,,,,,,,,,,,,,,aifs_calibrated_clim_mok_date,calibrated
Moretna Jiru,0.5339694827624233,0.48800054389274294,0.8195266272189349,13,,,,,,,,,,,,,,aifs_calibrated_clim_mok_date,calibrated
Mota town,0.39925956253985145,0.37708366374768193,0.9245562130177515,13,,,,,,,,,,,,,,aifs_calibrated_clim_mok_date,calibrated
Mulo,0.8038586349203899,0.6945791436979568,0.6419753086419753,9,,,,,,,,,,,,,,aifs_calibrated_clim_mok_date,calibrated
Munessa,0.6435581630220554,0.5446776901100142,0.7592592592592593,9,,,,,,,,,,,,,,aifs_calibrated_clim_mok_date,calibrated
Nefas Mewicha town,0.6032630801301604,0.526027723939938,0.7474489795918368,14,,,,,,,,,,,,,,aifs_calibrated_clim_mok_date,calibrated
Nenesebo,0.7619757327608011,1.2891324270613134,0.7679584120982986,23,,,,,,,,,,,,,,aifs_calibrated_clim_mok_date,calibrated
Nono,0.7156290608276632,0.5736345065969204,0.6942148760330579,11,,,,,,,,,,,,,,aifs_calibrated_clim_mok_date,calibrated
Quarit,0.7084677092780486,0.6093285685387476,0.7191358024691358,9,,,,,,,,,,,,,,aifs_calibrated_clim_mok_date,calibrated
Raya Kobo,0.40434283735027327,0.3853761040612469,0.9024943310657596,21,,,,,,,,,,,,,,aifs_calibrated_clim_mok_date,calibrated
Robe,0.4845705196161126,0.46169380290221473,0.90625,16,,,,,,,,,,,,,,aifs_calibrated_clim_mok_date,calibrated
Robe town,0.4307105347133154,0.47329572976648016,0.9307851239669421,22,,,,,,,,,,,,,,aifs_calibrated_clim_mok_date,calibrated
Sahila,0.32561288731248406,0.3179837292665525,0.98828125,16,,,,,,,,,,,,,,aifs_calibrated_clim_mok_date,calibrated
Sayint,0.4373309518946004,0.40739592879222586,0.9112426035502958,13,,,,,,,,,,,,,,aifs_calibrated_clim_mok_date,calibrated
Sebeta,0.770382431637756,0.6258020960533677,0.6635802469135802,9,,,,,,,,,,,,,,aifs_calibrated_clim_mok_date,calibrated
Sebeta Hawas,0.770382431637756,0.6258020960533677,0.6635802469135802,9,,,,,,,,,,,,,,aifs_calibrated_clim_mok_date,calibrated
Sedae,0.5132699535624898,0.4663020034632109,0.8357988165680473,13,,,,,,,,,,,,,,aifs_calibrated_clim_mok_date,calibrated
Sede Muja,0.5132699535624898,0.4663020034632109,0.8357988165680473,13,,,,,,,,,,,,,,aifs_calibrated_clim_mok_date,calibrated
Seden Sodo,1.231069918395011,1.3687778009442007,0.4642857142857143,7,,,,,,,,,,,,,,aifs_calibrated_clim_mok_date,calibrated
Sekela,0.6447427049078108,0.5294924474059555,0.7592592592592593,9,,,,,,,,,,,,,,aifs_calibrated_clim_mok_date,calibrated
Sekota,0.3752597656716997,0.34668436120778473,0.9311111111111111,15,,,,,,,,,,,,,,aifs_calibrated_clim_mok_date,calibrated
Sekota town,0.3566094485669708,0.3369901051246257,0.9388888888888889,15,,,,,,,,,,,,,,aifs_calibrated_clim_mok_date,calibrated
Semada,0.4917503569031873,0.4551163233672581,0.8505917159763313,13,,,,,,,,,,,,,,aifs_calibrated_clim_mok_date,calibrated
Senan,0.7084677092780486,0.6093285685387476,0.7191358024691358,9,,,,,,,,,,,,,,aifs_calibrated_clim_mok_date,calibrated
Sendafa town,0.39925956253985145,0.37708366374768193,0.9245562130177515,13,,,,,,,,,,,,,,aifs_calibrated_clim_mok_date,calibrated
Shala,0.8597718265858351,0.7056971019967736,0.5925925925925926,9,,,,,,,,,,,,,,aifs_calibrated_clim_mok_date,calibrated
Shanan Kolu,0.43558868906003,0.3906516244344319,0.8818359375,16,,,,,,,,,,,,,,aifs_calibrated_clim_mok_date,calibrated
Shashemene,0.7419439125606824,0.6781056161833366,0.6944444444444444,9,,,,,,,,,,,,,,aifs_calibrated_clim_mok_date,calibrated
Shashemene town,0.7419439125606824,0.6781056161833366,0.6944444444444444,9,,,,,,,,,,,,,,aifs_calibrated_clim_mok_date,calibrated
Shawra town,0.9892990958025896,0.8788735630540064,0.5709876543209876,9,,,,,,,,,,,,,,aifs_calibrated_clim_mok_date,calibrated
Shebel Bernta,0.458850548553903,0.41858160888817864,0.8964497041420119,13,,,,,,,,,,,,,,aifs_calibrated_clim_mok_date,calibrated
Shendi town,0.6501222088938742,0.516389105273454,0.7603305785123967,11,,,,,,,,,,,,,,aifs_calibrated_clim_mok_date,calibrated
Sheno town,0.4885081563657307,0.4250143511467644,0.8732638888888888,12,,,,,,,,,,,,,,aifs_calibrated_clim_mok_date,calibrated
Shirka,0.43480614418912883,0.4175593652466754,0.94921875,16,,,,,,,,,,,,,,aifs_calibrated_clim_mok_date,calibrated
Shoa Robit,0.7479234522978871,0.9213290684136308,0.6730769230769231,13,,,,,,,,,,,,,,aifs_calibrated_clim_mok_date,calibrated
Sinana,0.4244178110891978,0.46699925933057906,0.8930785123966942,22,,,,,,,,,,,,,,aifs_calibrated_clim_mok_date,calibrated
Siraro,0.6750904064781774,1.1674403096468158,0.8487712665406427,23,,,,,,,,,,,,,,aifs_calibrated_clim_mok_date,calibrated
Sire,0.5235015527018438,0.491649438086268,0.82421875,16,,,,,,,,,,,,,,aifs_calibrated_clim_mok_date,calibrated
Siya Debirna Wayu,0.5729363339595883,0.5419887091035818,0.7716836734693877,14,,,,,,,,,,,,,,aifs_calibrated_clim_mok_date,calibrated
Sodo Daci,0.5822330577684485,0.45481978113029486,0.7908163265306123,14,,,,,,,,,,,,,,aifs_calibrated_clim_mok_date,calibrated
Sude,0.4311763869317867,0.37188942719650603,0.94,15,,,,,,,,,,,,,,aifs_calibrated_clim_mok_date,calibrated
Sululta,0.9432592503320267,0.9110526733575183,0.5802469135802469,9,,,,,,,,,,,,,,aifs_calibrated_clim_mok_date,calibrated
Sululta (OR),0.9432592503320267,0.9110526733575183,0.5802469135802469,9,,,,,,,,,,,,,,aifs_calibrated_clim_mok_date,calibrated
Tach Armacho,1.0596831339697264,1.058538940344786,0.5061728395061729,9,,,,,,,,,,,,,,aifs_calibrated_clim_mok_date,calibrated
Tach Gayint,0.6253488890805851,0.5023446555662806,0.7334183673469388,14,,,,,,,,,,,,,,aifs_calibrated_clim_mok_date,calibrated
Takusa,0.9892990958025896,0.8788735630540064,0.5709876543209876,9,,,,,,,,,,,,,,aifs_calibrated_clim_mok_date,calibrated
Tarema Ber,0.7032968539842712,0.8199407146295965,0.7263313609467456,13,,,,,,,,,,,,,,aifs_calibrated_clim_mok_date,calibrated
Tegede,1.058999403508408,0.9871103278837872,0.5277777777777778,9,,,,,,,,,,,,,,aifs_calibrated_clim_mok_date,calibrated
Telemt,0.7040342666724263,0.8097229367915969,0.727810650887574,13,,,,,,,,,,,,,,aifs_calibrated_clim_mok_date,calibrated
Tena,0.508930189239688,0.5591628873939567,0.8837890625,16,,,,,,,,,,,,,,aifs_calibrated_clim_mok_date,calibrated
Tenta,0.6848671184536741,0.7146066279117559,0.7155555555555555,15,,,,,,,,,,,,,,aifs_calibrated_clim_mok_date,calibrated
Thehulederie,0.7197789063107517,0.700080421446205,0.7255555555555555,15,,,,,,,,,,,,,,aifs_calibrated_clim_mok_date,calibrated
Tikur Enchini,1.0433541195177303,0.9683890682024122,0.3163265306122449,7,,,,,,,,,,,,,,aifs_calibrated_clim_mok_date,calibrated
Tiyo,0.7419439125606824,0.6781056161833366,0.6944444444444444,9,,,,,,,,,,,,,,aifs_calibrated_clim_mok_date,calibrated
Toke Kutaye,0.7613860770472081,0.5722691759234512,0.6450617283950617,9,,,,,,,,,,,,,,aifs_calibrated_clim_mok_date,calibrated
Tole,1.231069918395011,1.3687778009442007,0.4642857142857143,7,,,,,,,,,,,,,,aifs_calibrated_clim_mok_date,calibrated
Tsagbeji,0.48280938575119253,0.5409058930583946,0.895625,20,,,,,,,,,,,,,,aifs_calibrated_clim_mok_date,calibrated
Tulefa town,0.4885081563657307,0.4250143511467644,0.8732638888888888,12,,,,,,,,,,,,,,aifs_calibrated_clim_mok_date,calibrated
Wadla,0.4788789376435318,0.4678600400467172,0.9030470914127424,19,,,,,,,,,,,,,,aifs_calibrated_clim_mok_date,calibrated
Waliso,1.1062247668466947,1.098612108352745,0.3979591836734694,7,,,,,,,,,,,,,,aifs_calibrated_clim_mok_date,calibrated
Wara Jarso,0.8597718265858351,0.7056971019967736,0.5925925925925926,9,,,,,,,,,,,,,,aifs_calibrated_clim_mok_date,calibrated
Wegde,0.458850548553903,0.41858160888817864,0.8964497041420119,13,,,,,,,,,,,,,,aifs_calibrated_clim_mok_date,calibrated
Wegeda town,0.39925956253985145,0.37708366374768193,0.9245562130177515,13,,,,,,,,,,,,,,aifs_calibrated_clim_mok_date,calibrated
Wegedi town,0.4580304810945337,0.4290944692217579,0.8949704142011834,13,,,,,,,,,,,,,,aifs_calibrated_clim_mok_date,calibrated
Wegel tena town,0.4780756790248938,0.38340760142187724,0.8858131487889274,17,,,,,,,,,,,,,,aifs_calibrated_clim_mok_date,calibrated
Wegera,0.6186344866769191,0.5995003084305573,0.7633136094674556,13,,,,,,,,,,,,,,aifs_calibrated_clim_mok_date,calibrated
Welmera,0.770382431637756,0.6258020960533677,0.6635802469135802,9,,,,,,,,,,,,,,aifs_calibrated_clim_mok_date,calibrated
Wemberma,0.7206654536148381,0.5374260303285013,0.6797520661157025,11,,,,,,,,,,,,,,aifs_calibrated_clim_mok_date,calibrated
Wenchi,1.115542726889106,1.2082035744360762,0.37755102040816324,7,,,,,,,,,,,,,,aifs_calibrated_clim_mok_date,calibrated
Were Ilu,0.7251286693217865,0.8659999135091324,0.7104591836734694,14,,,,,,,,,,,,,,aifs_calibrated_clim_mok_date,calibrated
Wereilu town,0.7251286693217865,0.8659999135091324,0.7104591836734694,14,,,,,,,,,,,,,,aifs_calibrated_clim_mok_date,calibrated
West Belesa,0.6833209140887889,0.7457316843081248,0.7618343195266272,13,,,,,,,,,,,,,,aifs_calibrated_clim_mok_date,calibrated
West Dembiya,0.8254313363068742,0.8834611875440815,0.6759259259259259,9,,,,,,,,,,,,,,aifs_calibrated_clim_mok_date,calibrated
Woldiya town,0.40628326117075564,0.3811894792506745,0.9206349206349206,21,,,,,,,,,,,,,,aifs_calibrated_clim_mok_date,calibrated
Woliso town,1.1062247668466947,1.098612108352745,0.3979591836734694,7,,,,,,,,,,,,,,aifs_calibrated_clim_mok_date,calibrated
Wondo,0.6785374537091441,1.1833063862407471,0.8487712665406427,23,,,,,,,,,,,,,,aifs_calibrated_clim_mok_date,calibrated
Worebabu,0.4331046507476901,0.43910964035316574,0.8764172335600907,21,,,,,,,,,,,,,,aifs_calibrated_clim_mok_date,calibrated
Woreta town,0.39925956253985145,0.37708366374768193,0.9245562130177515,13,,,,,,,,,,,,,,aifs_calibrated_clim_mok_date,calibrated
Wuchale,0.4373309518946004,0.40739592879222586,0.9112426035502958,13,,,,,,,,,,,,,,aifs_calibrated_clim_mok_date,calibrated
Yaya Gulele,0.39925956253985145,0.37708366374768193,0.9245562130177515,13,,,,,,,,,,,,,,aifs_calibrated_clim_mok_date,calibrated
Zequala,0.5399676585028373,0.5584172920591117,0.8211111111111111,15,,,,,,,,,,,,,,aifs_calibrated_clim_mok_date,calibrated
Ziway Dugda,0.6046166189156734,0.7709903508293522,0.8074792243767313,19,,,,,,,,,,,,,,aifs_calibrated_clim_mok_date,calibrated
ALL,0.617251819623006,0.611613113990545,0.7750308594451146,4246,,,0.45831370701837026,0.08997561271490086,0.10772554556458294,0.11998408826005652,0.10463177475421204,0.1949347983292537,0.8304863770666397,0.7197122760201149,0.6011848692121329,0.451394623655914,0.7399422590238368,aifs_calibrated_clim_mok_date,calibrated
